label,0.5h,1h,1.5h,2h,2.5h,3h,3.5h,4h
Y1,6678.294574312954,13356.589148625913,19702.070649337667,25563.061200036314,31267.248855131256,35789.9340911599,39903.13380493808,43607.910088325116
Y2,4963.509524537879,9927.019049075765,14642.534552458685,18997.077320778506,23234.716410979025,26593.035826370047,29646.825414188428,32396.133226758488
Y3,4277.897551940252,8555.795103880508,12619.580163770672,16371.385674850422,20022.635612723712,22916.64464302597,25548.273085364228,27917.460194815616
Y4,4205.603450798429,8411.206901596865,12406.418653426226,16095.364851167427,19685.32925090604,22529.463450872077,25115.10653517026,27441.660329469116
Y5,4143.944427322287,8287.888854644578,12224.725236868744,15860.082143395022,19397.93375838065,22200.539007629497,24748.242337714004,27041.54694507846
Annual avg,4853.84990578236,9707.699811564726,14319.0658511724,18577.394238045537,22721.572777624137,26005.9234038115,28992.316235475,31680.94215688936
