{
  "theta_delta": 0.8280926921799567,
  "sigma_delta": 18.650956381617295,
  "lambda_jump": 0.04286621215048718,
  "jump_scale_pos": 109.75854366376979,
  "jump_scale_neg": 74.0950059975464,
  "p_pos": 0.3580167417900837,
  "mu_delta": 0.22066464337868008,
  "log_likelihood": -213503.40722116528,
  "n_obs": 36229
}