{
  "theta_delta": 6.907755278982137,
  "sigma_delta": 46.96184579066682,
  "lambda_jump": 0.060380857482908466,
  "jump_scale_pos": 152.47742196327886,
  "jump_scale_neg": 172.07801548475658,
  "p_pos": 0.9926655970662388,
  "mu_delta": 39.47719858580207,
  "log_likelihood": -440220.65292578045,
  "n_obs": 72258
}