{
  "theta_delta": 0.8280802657521588,
  "sigma_delta": 18.64887180920165,
  "lambda_jump": 0.0429083885209713,
  "jump_scale_pos": 109.67572757643686,
  "jump_scale_neg": 74.1060935240534,
  "p_pos": 0.3581993569131833,
  "mu_delta": 0.22227592554154388,
  "log_likelihood": -213591.02601016665,
  "n_obs": 36240
}