{
  "theta_delta": 6.907755278982137,
  "sigma_delta": 48.36132362164285,
  "lambda_jump": 0.05573831875685362,
  "jump_scale_pos": 167.19639331291944,
  "jump_scale_neg": 189.7368041527048,
  "p_pos": 0.9889635316698656,
  "mu_delta": 39.95814947061433,
  "log_likelihood": -238449.60122757737,
  "n_obs": 37389
}