{
  "duration_h": 3.0,
  "output_label": "3h",
  "n_paths": 250,
  "n_steps": 2160,
  "annualization_factor": 8.11111111111111,
  "mean_net_frac": -0.009211111111111111,
  "mean_abs_net_frac": 0.15963333333333332,
  "discharge_decision_fraction": 0.15026851851851852,
  "charge_decision_fraction": 0.16884444444444444,
  "idle_net_decision_fraction": 0.680887037037037,
  "mean_dc_frac": 0.28772592592592594,
  "mean_qr_frac": 0.050084722222222225,
  "mean_reserve_frac": 0.33781064814814815,
  "reserve_positive_decision_fraction": 0.8992203703703704,
  "dc_positive_decision_fraction": 0.6988814814814814,
  "qr_positive_decision_fraction": 0.2003388888888889,
  "soc_frac_p10_p50_p90": [
    0.18835057576497397,
    0.5,
    0.7136311340332031
  ],
  "reserve_frac_by_efa_block": [
    0.2921222222222222,
    0.36982777777777776,
    0.3635,
    0.35136388888888886,
    0.36725833333333335,
    0.28279166666666666
  ],
  "dc_frac_by_efa_block": [
    0.24130833333333335,
    0.316175,
    0.319,
    0.29351944444444444,
    0.312025,
    0.24432777777777778
  ],
  "qr_frac_by_efa_block": [
    0.05081388888888889,
    0.05365277777777778,
    0.0445,
    0.05784444444444444,
    0.055233333333333336,
    0.03846388888888889
  ],
  "reserve_frac_when_da_top_20pct": 0.2459537037037037,
  "reserve_frac_when_da_bottom_20pct": 0.3816736111111111,
  "mean_soc_frac_when_reserve_positive": 0.5096423070502116,
  "mean_soc_frac_when_net_discharge": 0.503880165577258,
  "solver_action_diagnostics": {
    "total_decisions": 540000,
    "selected_cashflow_mean_gbp": 186.65575619425496,
    "selected_decision_cashflow_mean_gbp": 257.95064486436394,
    "selected_continuation_mean_gbp": 354583.46849796217,
    "selected_q_mean_gbp": 354839.60173988115,
    "imbalance_signal_lag_hh": 1,
    "selected_q_gap_mean_gbp": 88.8881238172743,
    "selected_q_gap_min_gbp": 0.0,
    "selected_q_gap_le_1gbp_fraction": 0.013385185185185186,
    "by_mode": [
      {
        "index": 0,
        "net_frac": -1.0,
        "r_dc_frac": 0.0,
        "r_qr_frac": 0.0,
        "count": 0,
        "selected_cashflow_mean_gbp": null,
        "selected_decision_cashflow_mean_gbp": null,
        "selected_continuation_mean_gbp": null,
        "selected_q_mean_gbp": null
      },
      {
        "index": 1,
        "net_frac": -0.5,
        "r_dc_frac": 0.0,
        "r_qr_frac": 0.0,
        "count": 8559,
        "selected_cashflow_mean_gbp": -3242.3774394808506,
        "selected_decision_cashflow_mean_gbp": -3242.3774394808506,
        "selected_continuation_mean_gbp": 343289.9872943046,
        "selected_q_mean_gbp": 340045.850230737
      },
      {
        "index": 2,
        "net_frac": -0.5,
        "r_dc_frac": 0.0,
        "r_qr_frac": 0.25,
        "count": 31392,
        "selected_cashflow_mean_gbp": -2339.9309397861743,
        "selected_decision_cashflow_mean_gbp": -2339.9309397861743,
        "selected_continuation_mean_gbp": 370824.5570460328,
        "selected_q_mean_gbp": 368482.72546224954
      },
      {
        "index": 3,
        "net_frac": -0.5,
        "r_dc_frac": 0.25,
        "r_qr_frac": 0.0,
        "count": 51108,
        "selected_cashflow_mean_gbp": -2334.7236499749056,
        "selected_decision_cashflow_mean_gbp": -2334.7236499749056,
        "selected_continuation_mean_gbp": 364418.9732720951,
        "selected_q_mean_gbp": 362082.38193306257
      },
      {
        "index": 4,
        "net_frac": -0.5,
        "r_dc_frac": 0.5,
        "r_qr_frac": 0.0,
        "count": 117,
        "selected_cashflow_mean_gbp": -1817.9285460904114,
        "selected_decision_cashflow_mean_gbp": -1817.9285460904114,
        "selected_continuation_mean_gbp": 908786.4786324786,
        "selected_q_mean_gbp": 906963.8723290599
      },
      {
        "index": 5,
        "net_frac": 0.0,
        "r_dc_frac": 0.0,
        "r_qr_frac": 0.0,
        "count": 45762,
        "selected_cashflow_mean_gbp": 0.0,
        "selected_decision_cashflow_mean_gbp": 0.0,
        "selected_continuation_mean_gbp": 282785.44784874533,
        "selected_q_mean_gbp": 282783.99817647523
      },
      {
        "index": 6,
        "net_frac": 0.0,
        "r_dc_frac": 0.0,
        "r_qr_frac": 0.25,
        "count": 44617,
        "selected_cashflow_mean_gbp": 73.77078563603746,
        "selected_decision_cashflow_mean_gbp": 73.77078563603746,
        "selected_continuation_mean_gbp": 351184.22028937127,
        "selected_q_mean_gbp": 351256.1912408476
      },
      {
        "index": 7,
        "net_frac": 0.0,
        "r_dc_frac": 0.25,
        "r_qr_frac": 0.0,
        "count": 33374,
        "selected_cashflow_mean_gbp": 75.9560988976044,
        "selected_decision_cashflow_mean_gbp": 75.9560988976044,
        "selected_continuation_mean_gbp": 322861.392349213,
        "selected_q_mean_gbp": 322935.69348244066
      },
      {
        "index": 8,
        "net_frac": 0.0,
        "r_dc_frac": 0.5,
        "r_qr_frac": 0.0,
        "count": 243926,
        "selected_cashflow_mean_gbp": 151.7922409195953,
        "selected_decision_cashflow_mean_gbp": 151.7922409195953,
        "selected_continuation_mean_gbp": 367723.40195761056,
        "selected_q_mean_gbp": 367873.30956256174
      },
      {
        "index": 9,
        "net_frac": 0.5,
        "r_dc_frac": 0.0,
        "r_qr_frac": 0.0,
        "count": 17,
        "selected_cashflow_mean_gbp": 3940.8500114889707,
        "selected_decision_cashflow_mean_gbp": 4202.507309857537,
        "selected_continuation_mean_gbp": 332856.2578125,
        "selected_q_mean_gbp": 337057.0622702206
      },
      {
        "index": 10,
        "net_frac": 0.5,
        "r_dc_frac": 0.0,
        "r_qr_frac": 0.25,
        "count": 32174,
        "selected_cashflow_mean_gbp": 3429.060497203786,
        "selected_decision_cashflow_mean_gbp": 3861.309022196916,
        "selected_continuation_mean_gbp": 359622.9530788376,
        "selected_q_mean_gbp": 363482.4186115048
      },
      {
        "index": 11,
        "net_frac": 0.5,
        "r_dc_frac": 0.25,
        "r_qr_frac": 0.0,
        "count": 48822,
        "selected_cashflow_mean_gbp": 3437.004034560158,
        "selected_decision_cashflow_mean_gbp": 3937.756330467844,
        "selected_continuation_mean_gbp": 356136.2762273581,
        "selected_q_mean_gbp": 360072.2069211062
      },
      {
        "index": 12,
        "net_frac": 0.5,
        "r_dc_frac": 0.5,
        "r_qr_frac": 0.0,
        "count": 49,
        "selected_cashflow_mean_gbp": 2122.9190574178892,
        "selected_decision_cashflow_mean_gbp": 2534.092115752551,
        "selected_continuation_mean_gbp": 905465.2283163265,
        "selected_q_mean_gbp": 907994.6977040817
      },
      {
        "index": 13,
        "net_frac": 1.0,
        "r_dc_frac": 0.0,
        "r_qr_frac": 0.0,
        "count": 83,
        "selected_cashflow_mean_gbp": 4638.527852621423,
        "selected_decision_cashflow_mean_gbp": 6081.318141707455,
        "selected_continuation_mean_gbp": 903221.5745481928,
        "selected_q_mean_gbp": 909298.265813253
      }
    ]
  },
  "top_modes": [
    {
      "index": 8,
      "net_frac": 0.0,
      "r_dc_frac": 0.5,
      "r_qr_frac": 0.0,
      "count": 243926,
      "decision_fraction": 0.4517148148148148
    },
    {
      "index": 3,
      "net_frac": -0.5,
      "r_dc_frac": 0.25,
      "r_qr_frac": 0.0,
      "count": 51108,
      "decision_fraction": 0.09464444444444445
    },
    {
      "index": 11,
      "net_frac": 0.5,
      "r_dc_frac": 0.25,
      "r_qr_frac": 0.0,
      "count": 48822,
      "decision_fraction": 0.09041111111111111
    },
    {
      "index": 5,
      "net_frac": 0.0,
      "r_dc_frac": 0.0,
      "r_qr_frac": 0.0,
      "count": 45762,
      "decision_fraction": 0.08474444444444444
    },
    {
      "index": 6,
      "net_frac": 0.0,
      "r_dc_frac": 0.0,
      "r_qr_frac": 0.25,
      "count": 44617,
      "decision_fraction": 0.08262407407407407
    },
    {
      "index": 7,