{
  "mtm": {
    "merchant": 814.2497822125016,
    "toll": 0.0,
    "floor_contracted": 0.0,
    "cm": 1050.9762279041352,
    "floor_optionality": 15221.25765333859,
    "optimiser_fee": -97.74242708333334,
    "opex_fixed": -5179.866126795196,
    "augmentation": -12526.609726733197,
    "total_mean": -1768.7108480293837,
    "total_std": 120.03142090543872,
    "total_p5": -1916.7751676787677,
    "total_p95": -1559.7929047362122,
    "annuity_factor": 8.109083895409624,
    "alpha_merchant": 1.0,
    "life_years": 15
  },
  "risk_95": {
    "alpha": 0.95,
    "mean_gbp": -2653066.2720440757,
    "std_gbp": 180047.13135815808,
    "var_gbp": 2875162.7515181513,
    "cvar_gbp": 2925725.6001305077,
    "p5_gbp": -2875162.7515181517,
    "p50_gbp": -2688255.526132304,
    "p95_gbp": -2339689.357104318
  },
  "risk_99": {
    "alpha": 0.99,
    "mean_gbp": -2653066.2720440757,
    "std_gbp": 180047.13135815808,
    "var_gbp": 2945493.228874643,
    "cvar_gbp": 2978238.4543322604,
    "p5_gbp": -2875162.7515181517,
    "p50_gbp": -2688255.526132304,
    "p95_gbp": -2339689.357104318
  },
  "greeks": {
    "delta_baseload": {
      "name": "delta_baseload",
      "base_mtm": -2653066.2720440757,
      "bumped_mtm": -2719392.9288451774,
      "bump_size": 1.0,
      "bump_unit": "GBP/MWh",
      "greek": -66326.65680110175,
      "greek_pct": 2.5,
      "tier": "analytical",
      "note": ""
    },
    "delta_dc": {
      "name": "delta_dc",
      "base_mtm": -2653066.2720440757,
      "bumped_mtm": -2674290.8022204284,
      "bump_size": 1.0,
      "bump_unit": "GBP/MW/h",
      "greek": -21224.53017635271,
      "greek_pct": 0.8,
      "tier": "analytical",
      "note": ""
    },
    "delta_qr": {
      "name": "delta_qr",
      "base_mtm": -2653066.2720440757,
      "bumped_mtm": -2663678.537132252,
      "bump_size": 1.0,
      "bump_unit": "GBP/MW/h",
      "greek": -10612.265088176355,
      "greek_pct": 0.4,
      "tier": "analytical",
      "note": ""
    },
    "delta_imb_drift": {
      "name": "delta_imb_drift",
      "base_mtm": -2653066.2720440757,
      "bumped_mtm": -2668984.66967634,
      "bump_size": 5.0,
      "bump_unit": "GBP/MWh",
      "greek": -3183.6795264529064,
      "greek_pct": 0.6,
      "tier": "analytical",
      "note": ""
    },
    "rho": {
      "name": "rho",
      "base_mtm": -2653066.2720440757,
      "bumped_mtm": -2621229.4767795466,
      "bump_size": 50.0,
      "bump_unit": "bps",
      "greek": 636.7359052905813,
      "greek_pct": -1.2,
      "tier": "analytical",
      "note": ""
    },
    "delta_availability": {
      "name": "delta_availability",
      "base_mtm": -2653066.2720440757,
      "bumped_mtm": -2626535.6093236348,
      "bump_size": 0.02,
      "bump_unit": "fraction",
      "greek": 1326533.1360220443,
      "greek_pct": -1.0,
      "tier": "analytical",
      "note": ""
    },
    "vega_da": {
      "name": "vega_da",
      "base_mtm": -2653066.2720440757,
      "bumped_mtm": -2732658.260205398,
      "bump_size": 0.1,
      "bump_unit": "fraction",
      "greek": -795919.881613222,
      "greek_pct": 3.0,
      "tier": "re-solve",
      "note": ""
    },
    "delta_rte": {
      "name": "delta_rte",
      "base_mtm": -2653066.2720440757,
      "bumped_mtm": -2613270.2779634143,
      "bump_size": -0.02,
      "bump_unit": "fraction",
      "greek": -1989799.7040330665,
      "greek_pct": -1.5,
      "tier": "re-solve",
      "note": ""
    },
    "delta_soh": {
      "name": "delta_soh",
      "base_mtm": -2653066.2720440757,
      "bumped_mtm": -2679596.9347645165,
      "bump_size": 0.01,
      "bump_unit": "fraction",
      "greek": -2653066.2720440887,
      "greek_pct": 1.0,
      "tier": "re-solve",
      "note": ""
    }
  },
  "scenarios": {
    "High price": {
      "name": "High price",
      "stress_mtm_mean": -3051026.2128506866,
      "delta_gbp": -397959.9408066113,
      "delta_pct": 15.0
    },
    "Low price": {
      "name": "Low price",
      "stress_mtm_mean": -2255106.331237464,
      "delta_gbp": 397959.9408066113,
      "delta_pct": -15.0
    },
    "High volatility": {
      "name": "High volatility",
      "stress_mtm_mean": -2865311.573807602,
      "delta_gbp": -212245.30176352605,
      "delta_pct": 8.0
    },
    "Low ancillary": {
      "name": "Low ancillary",
      "stress_mtm_mean": -2467351.6330009904,
      "delta_gbp": 185714.6390430853,
      "delta_pct": -7.000000000000001
    },
    "High discount": {
      "name": "High discount",
      "stress_mtm_mean": -2520412.9584418717,
      "delta_gbp": 132653.3136022038,
      "delta_pct": -5.0
    }
  }
}