{
  "mtm": {
    "merchant": 113598.5284355874,
    "toll": 0.0,
    "floor_contracted": 0.0,
    "cm": 1050.9762279041352,
    "floor_optionality": 0.0,
    "optimiser_fee": -19041.864450950085,
    "opex_fixed": -5179.866126795196,
    "augmentation": -12526.609726733197,
    "total_mean": 77901.16435901306,
    "total_std": 33654.46026249442,
    "total_p5": 29274.98441581686,
    "total_p95": 139848.05901970554,
    "annuity_factor": 8.109083895409624,
    "alpha_merchant": 1.0,
    "life_years": 15,
    "merchant_std": 39879.15702075617,
    "merchant_p5": 55699.046159318736,
    "merchant_p95": 186582.98242824498,
    "phase4_annualized_merchant_source": 113599,
    "phase4_horizon_years": 0.246575,
    "phase4_annualization_factor": 4.055556,
    "value_basis": "annualized_gbp_per_mw_year_from_phase4_annualized",
    "cm_included_in_total": true,
    "asset_mw": 100.0,
    "asset_mwh": 200.0,
    "duration_h": 2.0,
    "duration_label": "2h"
  },
  "risk_95": {
    "alpha": 0.95,
    "mean_gbp": 116851746.53851959,
    "std_gbp": 50481690.39374162,
    "var_gbp": 0.0,
    "cvar_gbp": 0.0,
    "p5_gbp": 43912476.62372529,
    "p50_gbp": 111081798.49458961,
    "p95_gbp": 209772088.5295583,
    "value_basis": "annualized_gbp_per_mw_year_from_phase4_annualized",
    "annualization_factor": 0.06666666666666667,
    "mean_gbp_per_year": 7790116.435901306,
    "mean_gbp_per_mw_year": 77901.16435901306,
    "std_gbp_per_year": 3365446.0262494413,
    "std_gbp_per_mw_year": 33654.46026249442,
    "var_gbp_per_year": 0.0,
    "var_gbp_per_mw_year": 0.0,
    "cvar_gbp_per_year": 0.0,
    "cvar_gbp_per_mw_year": 0.0,
    "p5_gbp_per_year": 2927498.441581686,
    "p5_gbp_per_mw_year": 29274.98441581686,
    "p50_gbp_per_year": 7405453.232972641,
    "p50_gbp_per_mw_year": 74054.53232972641,
    "p95_gbp_per_year": 13984805.901970554,
    "p95_gbp_per_mw_year": 139848.05901970554
  },
  "risk_99": {
    "alpha": 0.99,
    "mean_gbp": 116851746.53851959,
    "std_gbp": 50481690.39374162,
    "var_gbp": 0.0,
    "cvar_gbp": 0.0,
    "p5_gbp": 43912476.62372529,
    "p50_gbp": 111081798.49458961,
    "p95_gbp": 209772088.5295583,
    "value_basis": "annualized_gbp_per_mw_year_from_phase4_annualized",
    "annualization_factor": 0.06666666666666667,
    "mean_gbp_per_year": 7790116.435901306,
    "mean_gbp_per_mw_year": 77901.16435901306,
    "std_gbp_per_year": 3365446.0262494413,
    "std_gbp_per_mw_year": 33654.46026249442,
    "var_gbp_per_year": 0.0,
    "var_gbp_per_mw_year": 0.0,
    "cvar_gbp_per_year": 0.0,
    "cvar_gbp_per_mw_year": 0.0,
    "p5_gbp_per_year": 2927498.441581686,
    "p5_gbp_per_mw_year": 29274.98441581686,
    "p50_gbp_per_year": 7405453.232972641,
    "p50_gbp_per_mw_year": 74054.53232972641,
    "p95_gbp_per_year": 13984805.901970554,
    "p95_gbp_per_mw_year": 139848.05901970554
  },
  "greeks": {
    "delta_baseload": {
      "name": "delta_baseload",
      "base_mtm": 116851746.53851959,
      "bumped_mtm": 119773040.20198257,
      "bump_size": 1.0,
      "bump_unit": "GBP/MWh",
      "greek": 2921293.6634629816,
      "greek_pct": 2.5,
      "tier": "analytical",
      "note": ""
    },
    "delta_dc": {
      "name": "delta_dc",
      "base_mtm": 116851746.53851959,
      "bumped_mtm": 117786560.51082775,
      "bump_size": 1.0,
      "bump_unit": "GBP/MW/h",
      "greek": 934813.9723081589,
      "greek_pct": 0.8,
      "tier": "analytical",
      "note": ""
    },
    "delta_qr": {
      "name": "delta_qr",
      "base_mtm": 116851746.53851959,
      "bumped_mtm": 117319153.52467367,
      "bump_size": 1.0,
      "bump_unit": "GBP/MW/h",
      "greek": 467406.98615407944,
      "greek_pct": 0.4,
      "tier": "analytical",
      "note": ""
    },
    "delta_imb_drift": {
      "name": "delta_imb_drift",
      "base_mtm": 116851746.53851959,
      "bumped_mtm": 117552857.01775071,
      "bump_size": 5.0,
      "bump_unit": "GBP/MWh",
      "greek": 140222.09584622382,
      "greek_pct": 0.6,
      "tier": "analytical",
      "note": ""
    },
    "rho": {
      "name": "rho",
      "base_mtm": 116851746.53851959,
      "bumped_mtm": 115449525.58005735,
      "bump_size": 50.0,
      "bump_unit": "bps",
      "greek": -28044.419169244768,
      "greek_pct": -1.2,
      "tier": "analytical",
      "note": ""
    },
    "delta_availability": {
      "name": "delta_availability",
      "base_mtm": 116851746.53851959,
      "bumped_mtm": 115683229.07313439,
      "bump_size": 0.02,
      "bump_unit": "fraction",
      "greek": -58425873.26925993,
      "greek_pct": -1.0,
      "tier": "analytical",
      "note": ""
    },
    "vega_da": {
      "name": "vega_da",
      "base_mtm": 116851746.53851959,
      "bumped_mtm": 120357298.93467519,
      "bump_size": 0.1,
      "bump_unit": "fraction",
      "greek": 35055523.96155596,
      "greek_pct": 3.0,
      "tier": "re-solve",
      "note": ""
    },
    "delta_rte": {
      "name": "delta_rte",
      "base_mtm": 116851746.53851959,
      "bumped_mtm": 115098970.3404418,
      "bump_size": -0.02,
      "bump_unit": "fraction",
      "greek": 87638809.9038899,
      "greek_pct": -1.5,
      "tier": "re-solve",
      "note": ""
    },
    "delta_soh": {
      "name": "delta_soh",
      "base_mtm": 116851746.53851959,
      "bumped_mtm": 118020264.00390479,
      "bump_size": 0.01,
      "bump_unit": "fraction",
      "greek": 116851746.53851986,
      "greek_pct": 1.0,
      "tier": "re-solve",
      "note": ""
    }
  },
  "scenarios": {
    "High price": {
      "name": "High price",
      "stress_mtm_mean": 134379508.5192975,
      "delta_gbp": 17527761.980777938,
      "delta_pct": 15.0
    },
    "Low price": {
      "name": "Low price",
      "stress_mtm_mean": 99323984.55774166,
      "delta_gbp": -17527761.980777938,
      "delta_pct": -15.0
    },
    "High volatility": {
      "name": "High volatility",
      "stress_mtm_mean": 126199886.26160116,
      "delta_gbp": 9348139.723081568,
      "delta_pct": 8.0
    },
    "Low ancillary": {
      "name": "Low ancillary",
      "stress_mtm_mean": 108672124.28082322,
      "delta_gbp": -8179622.257696372,
      "delta_pct": -7.000000000000001
    },
    "High discount": {
      "name": "High discount",
      "stress_mtm_mean": 111009159.21159361,
      "delta_gbp": -5842587.32692598,
      "delta_pct": -5.0
    }
  }
}