{
  "mtm": {
    "merchant": 86504.79992694018,
    "toll": 0.0,
    "floor_contracted": 0.0,
    "cm": 1050.9762279041352,
    "floor_optionality": 45.00797135645965,
    "optimiser_fee": -14253.961893754604,
    "opex_fixed": -5179.866126795196,
    "augmentation": -25053.219453466394,
    "total_mean": 43113.73665218458,
    "total_std": 35257.1669587087,
    "total_p5": -1679.153880369253,
    "total_p95": 109344.16115905136,
    "annuity_factor": 8.109083895409624,
    "alpha_merchant": 1.0,
    "life_years": 15,
    "merchant_std": 41508.41484962784,
    "merchant_p5": 32889.746230353,
    "merchant_p95": 164064.78090880124,
    "phase4_annualized_merchant_source": 86505,
    "phase4_horizon_years": 0.123288,
    "phase4_annualization_factor": 8.111111,
    "value_basis": "annualized_gbp_per_mw_year_from_phase4_annualized",
    "cm_included_in_total": true,
    "asset_mw": 100.0,
    "asset_mwh": 400.0,
    "duration_h": 4.0,
    "duration_label": "4h"
  },
  "risk_95": {
    "alpha": 0.95,
    "mean_gbp": 64670604.97827687,
    "std_gbp": 52885750.438063055,
    "var_gbp": -55111837.88624066,
    "cvar_gbp": -61608745.160756946,
    "p5_gbp": -2518730.8205538797,
    "p50_gbp": 52593107.065686785,
    "p95_gbp": 164016241.73857704,
    "value_basis": "annualized_gbp_per_mw_year_from_phase4_annualized",
    "annualization_factor": 0.06666666666666667,
    "mean_gbp_per_year": 4311373.6652184585,
    "mean_gbp_per_mw_year": 43113.73665218458,
    "std_gbp_per_year": 3525716.6958708703,
    "std_gbp_per_mw_year": 35257.1669587087,
    "var_gbp_per_year": -3674122.5257493774,
    "var_gbp_per_mw_year": -36741.225257493774,
    "cvar_gbp_per_year": -4107249.6773837963,
    "cvar_gbp_per_mw_year": -41072.496773837964,
    "p5_gbp_per_year": -167915.38803692532,
    "p5_gbp_per_mw_year": -1679.153880369253,
    "p50_gbp_per_year": 3506207.137712452,
    "p50_gbp_per_mw_year": 35062.07137712452,
    "p95_gbp_per_year": 10934416.115905136,
    "p95_gbp_per_mw_year": 109344.16115905136
  },
  "risk_99": {
    "alpha": 0.99,
    "mean_gbp": 64670604.97827687,
    "std_gbp": 52885750.438063055,
    "var_gbp": -66400197.697804846,
    "cvar_gbp": -68986952.2221422,
    "p5_gbp": -2518730.8205538797,
    "p50_gbp": 52593107.065686785,
    "p95_gbp": 164016241.73857704,
    "value_basis": "annualized_gbp_per_mw_year_from_phase4_annualized",
    "annualization_factor": 0.06666666666666667,
    "mean_gbp_per_year": 4311373.6652184585,
    "mean_gbp_per_mw_year": 43113.73665218458,
    "std_gbp_per_year": 3525716.6958708703,
    "std_gbp_per_mw_year": 35257.1669587087,
    "var_gbp_per_year": -4426679.846520323,
    "var_gbp_per_mw_year": -44266.79846520323,
    "cvar_gbp_per_year": -4599130.148142814,
    "cvar_gbp_per_mw_year": -45991.301481428134,
    "p5_gbp_per_year": -167915.38803692532,
    "p5_gbp_per_mw_year": -1679.153880369253,
    "p50_gbp_per_year": 3506207.137712452,
    "p50_gbp_per_mw_year": 35062.07137712452,
    "p95_gbp_per_year": 10934416.115905136,
    "p95_gbp_per_mw_year": 109344.16115905136
  },
  "greeks": {
    "delta_baseload": {
      "name": "delta_baseload",
      "base_mtm": 64670604.97827687,
      "bumped_mtm": 66287370.10273379,
      "bump_size": 1.0,
      "bump_unit": "GBP/MWh",
      "greek": 1616765.1244569197,
      "greek_pct": 2.5,
      "tier": "analytical",
      "note": ""
    },
    "delta_dc": {
      "name": "delta_dc",
      "base_mtm": 64670604.97827687,
      "bumped_mtm": 65187969.81810309,
      "bump_size": 1.0,
      "bump_unit": "GBP/MW/h",
      "greek": 517364.8398262188,
      "greek_pct": 0.8,
      "tier": "analytical",
      "note": ""
    },
    "delta_qr": {
      "name": "delta_qr",
      "base_mtm": 64670604.97827687,
      "bumped_mtm": 64929287.39818998,
      "bump_size": 1.0,
      "bump_unit": "GBP/MW/h",
      "greek": 258682.41991310567,
      "greek_pct": 0.4,
      "tier": "analytical",
      "note": ""
    },
    "delta_imb_drift": {
      "name": "delta_imb_drift",
      "base_mtm": 64670604.97827687,
      "bumped_mtm": 65058628.60814653,
      "bump_size": 5.0,
      "bump_unit": "GBP/MWh",
      "greek": 77604.72597393245,
      "greek_pct": 0.6,
      "tier": "analytical",
      "note": ""
    },
    "rho": {
      "name": "rho",
      "base_mtm": 64670604.97827687,
      "bumped_mtm": 63894557.71853755,
      "bump_size": 50.0,
      "bump_unit": "bps",
      "greek": -15520.945194786489,
      "greek_pct": -1.2,
      "tier": "analytical",
      "note": ""
    },
    "delta_availability": {
      "name": "delta_availability",
      "base_mtm": 64670604.97827687,
      "bumped_mtm": 64023898.9284941,
      "bump_size": 0.02,
      "bump_unit": "fraction",
      "greek": -32335302.489138395,
      "greek_pct": -1.0,
      "tier": "analytical",
      "note": ""
    },
    "vega_da": {
      "name": "vega_da",
      "base_mtm": 64670604.97827687,
      "bumped_mtm": 66610723.12762518,
      "bump_size": 0.1,
      "bump_unit": "fraction",
      "greek": 19401181.49348311,
      "greek_pct": 3.0,
      "tier": "re-solve",
      "note": ""
    },
    "delta_rte": {
      "name": "delta_rte",
      "base_mtm": 64670604.97827687,
      "bumped_mtm": 63700545.90360272,
      "bump_size": -0.02,
      "bump_unit": "fraction",
      "greek": 48502953.73370759,
      "greek_pct": -1.5,
      "tier": "re-solve",
      "note": ""
    },
    "delta_soh": {
      "name": "delta_soh",
      "base_mtm": 64670604.97827687,
      "bumped_mtm": 65317311.02805964,
      "bump_size": 0.01,
      "bump_unit": "fraction",
      "greek": 64670604.97827679,
      "greek_pct": 1.0,
      "tier": "re-solve",
      "note": ""
    }
  },
  "scenarios": {
    "High price": {
      "name": "High price",
      "stress_mtm_mean": 74371195.7250184,
      "delta_gbp": 9700590.74674153,
      "delta_pct": 15.0
    },
    "Low price": {
      "name": "Low price",
      "stress_mtm_mean": 54970014.23153534,
      "delta_gbp": -9700590.74674153,
      "delta_pct": -15.0
    },
    "High volatility": {
      "name": "High volatility",
      "stress_mtm_mean": 69844253.37653902,
      "delta_gbp": 5173648.39826215,
      "delta_pct": 8.0
    },
    "Low ancillary": {
      "name": "Low ancillary",
      "stress_mtm_mean": 60143662.62979749,
      "delta_gbp": -4526942.348479382,
      "delta_pct": -7.000000000000001
    },
    "High discount": {
      "name": "High discount",
      "stress_mtm_mean": 61437074.729363024,
      "delta_gbp": -3233530.2489138437,
      "delta_pct": -5.0
    }
  }
}