{
  "mtm": {
    "merchant": 72067.85000205593,
    "toll": 0.0,
    "floor_contracted": 0.0,
    "cm": 1050.9762279041352,
    "floor_optionality": 43.52165289853795,
    "optimiser_fee": -13298.036606767264,
    "opex_fixed": -5179.866126795196,
    "augmentation": -6263.3048633665985,
    "total_mean": 48421.14028592954,
    "total_std": 25280.218779936527,
    "total_p5": 14747.15997185662,
    "total_p95": 94615.5299062487,
    "annuity_factor": 8.109083895409624,
    "alpha_merchant": 1.0,
    "life_years": 15,
    "merchant_std": 29751.62993192156,
    "merchant_p5": 32660.552819101176,
    "merchant_p95": 126187.21666944573,
    "phase4_annualized_merchant_source": 72068,
    "phase4_horizon_years": 0.123288,
    "phase4_annualization_factor": 8.111111,
    "value_basis": "annualized_gbp_per_mw_year_from_phase4_annualized",
    "cm_included_in_total": true,
    "asset_mw": 100.0,
    "asset_mwh": 100.0,
    "duration_h": 1.0,
    "duration_label": "1h"
  },
  "risk_95": {
    "alpha": 0.95,
    "mean_gbp": 72631710.42889431,
    "std_gbp": 37920328.16990479,
    "var_gbp": -44852477.187548935,
    "cvar_gbp": -49538539.02910524,
    "p5_gbp": 22120739.95778493,
    "p50_gbp": 66973217.145333864,
    "p95_gbp": 141923294.85937306,
    "value_basis": "annualized_gbp_per_mw_year_from_phase4_annualized",
    "annualization_factor": 0.06666666666666667,
    "mean_gbp_per_year": 4842114.028592954,
    "mean_gbp_per_mw_year": 48421.14028592954,
    "std_gbp_per_year": 2528021.8779936526,
    "std_gbp_per_mw_year": 25280.218779936527,
    "var_gbp_per_year": -2990165.145836596,
    "var_gbp_per_mw_year": -29901.651458365955,
    "cvar_gbp_per_year": -3302569.2686070157,
    "cvar_gbp_per_mw_year": -33025.69268607016,
    "p5_gbp_per_year": 1474715.997185662,
    "p5_gbp_per_mw_year": 14747.15997185662,
    "p50_gbp_per_year": 4464881.143022258,
    "p50_gbp_per_mw_year": 44648.81143022257,
    "p95_gbp_per_year": 9461552.990624871,
    "p95_gbp_per_mw_year": 94615.5299062487
  },
  "risk_99": {
    "alpha": 0.99,
    "mean_gbp": 72631710.42889431,
    "std_gbp": 37920328.16990479,
    "var_gbp": -52885906.47346793,
    "cvar_gbp": -55924050.15419714,
    "p5_gbp": 22120739.95778493,
    "p50_gbp": 66973217.145333864,
    "p95_gbp": 141923294.85937306,
    "value_basis": "annualized_gbp_per_mw_year_from_phase4_annualized",
    "annualization_factor": 0.06666666666666667,
    "mean_gbp_per_year": 4842114.028592954,
    "mean_gbp_per_mw_year": 48421.14028592954,
    "std_gbp_per_year": 2528021.8779936526,
    "std_gbp_per_mw_year": 25280.218779936527,
    "var_gbp_per_year": -3525727.0982311955,
    "var_gbp_per_mw_year": -35257.27098231195,
    "cvar_gbp_per_year": -3728270.0102798096,
    "cvar_gbp_per_mw_year": -37282.700102798095,
    "p5_gbp_per_year": 1474715.997185662,
    "p5_gbp_per_mw_year": 14747.15997185662,
    "p50_gbp_per_year": 4464881.143022258,
    "p50_gbp_per_mw_year": 44648.81143022257,
    "p95_gbp_per_year": 9461552.990624871,
    "p95_gbp_per_mw_year": 94615.5299062487
  },
  "greeks": {
    "delta_baseload": {
      "name": "delta_baseload",
      "base_mtm": 72631710.42889431,
      "bumped_mtm": 74447503.18961667,
      "bump_size": 1.0,
      "bump_unit": "GBP/MWh",
      "greek": 1815792.760722354,
      "greek_pct": 2.5,
      "tier": "analytical",
      "note": ""
    },
    "delta_dc": {
      "name": "delta_dc",
      "base_mtm": 72631710.42889431,
      "bumped_mtm": 73212764.11232546,
      "bump_size": 1.0,
      "bump_unit": "GBP/MW/h",
      "greek": 581053.6834311485,
      "greek_pct": 0.8,
      "tier": "analytical",
      "note": ""
    },
    "delta_qr": {
      "name": "delta_qr",
      "base_mtm": 72631710.42889431,
      "bumped_mtm": 72922237.27060989,
      "bump_size": 1.0,
      "bump_unit": "GBP/MW/h",
      "greek": 290526.84171557426,
      "greek_pct": 0.4,
      "tier": "analytical",
      "note": ""
    },
    "delta_imb_drift": {
      "name": "delta_imb_drift",
      "base_mtm": 72631710.42889431,
      "bumped_mtm": 73067500.69146767,
      "bump_size": 5.0,
      "bump_unit": "GBP/MWh",
      "greek": 87158.05251467228,
      "greek_pct": 0.6,
      "tier": "analytical",
      "note": ""
    },
    "rho": {
      "name": "rho",
      "base_mtm": 72631710.42889431,
      "bumped_mtm": 71760129.90374757,
      "bump_size": 50.0,
      "bump_unit": "bps",
      "greek": -17431.610502934753,
      "greek_pct": -1.2,
      "tier": "analytical",
      "note": ""
    },
    "delta_availability": {
      "name": "delta_availability",
      "base_mtm": 72631710.42889431,
      "bumped_mtm": 71905393.32460536,
      "bump_size": 0.02,
      "bump_unit": "fraction",
      "greek": -36315855.21444753,
      "greek_pct": -1.0,
      "tier": "analytical",
      "note": ""
    },
    "vega_da": {
      "name": "vega_da",
      "base_mtm": 72631710.42889431,
      "bumped_mtm": 74810661.74176115,
      "bump_size": 0.1,
      "bump_unit": "fraction",
      "greek": 21789513.128668368,
      "greek_pct": 3.0,
      "tier": "re-solve",
      "note": ""
    },
    "delta_rte": {
      "name": "delta_rte",
      "base_mtm": 72631710.42889431,
      "bumped_mtm": 71542234.7724609,
      "bump_size": -0.02,
      "bump_unit": "fraction",
      "greek": 54473782.82167092,
      "greek_pct": -1.5,
      "tier": "re-solve",
      "note": ""
    },
    "delta_soh": {
      "name": "delta_soh",
      "base_mtm": 72631710.42889431,
      "bumped_mtm": 73358027.53318326,
      "bump_size": 0.01,
      "bump_unit": "fraction",
      "greek": 72631710.42889506,
      "greek_pct": 1.0,
      "tier": "re-solve",
      "note": ""
    }
  },
  "scenarios": {
    "High price": {
      "name": "High price",
      "stress_mtm_mean": 83526466.99322845,
      "delta_gbp": 10894756.564334147,
      "delta_pct": 15.0
    },
    "Low price": {
      "name": "Low price",
      "stress_mtm_mean": 61736953.864560165,
      "delta_gbp": -10894756.564334147,
      "delta_pct": -15.0
    },
    "High volatility": {
      "name": "High volatility",
      "stress_mtm_mean": 78442247.26320586,
      "delta_gbp": 5810536.834311545,
      "delta_pct": 8.0
    },
    "Low ancillary": {
      "name": "Low ancillary",
      "stress_mtm_mean": 67547490.6988717,
      "delta_gbp": -5084219.730022603,
      "delta_pct": -7.000000000000001
    },
    "High discount": {
      "name": "High discount",
      "stress_mtm_mean": 69000124.90744959,
      "delta_gbp": -3631585.5214447156,
      "delta_pct": -5.0
    }
  }
}