{
  "mtm": {
    "merchant": 15142.683230597797,
    "toll": 0.0,
    "floor_contracted": 0.0,
    "cm": 1050.9762279041352,
    "floor_optionality": 7361.819448552349,
    "optimiser_fee": -2538.2805,
    "opex_fixed": -5179.866126795196,
    "augmentation": -12526.609726733197,
    "total_mean": 2259.7463965384163,
    "total_std": 4486.1393723128895,
    "total_p5": -4222.12312883472,
    "total_p95": 10517.26712224011,
    "annuity_factor": 8.109083895409624,
    "alpha_merchant": 1.0,
    "life_years": 15
  },
  "risk_95": {
    "alpha": 0.95,
    "mean_gbp": 3389619.594807625,
    "std_gbp": 6729209.058469334,
    "var_gbp": 6333184.693252077,
    "cvar_gbp": 7774812.417515321,
    "p5_gbp": -6333184.69325208,
    "p50_gbp": 2620485.5515283477,
    "p95_gbp": 15775900.683360165,
    "value_basis": "lifetime_gbp_with_annualized_fields",
    "annualization_factor": 0.06666666666666667,
    "mean_gbp_per_year": 225974.63965384164,
    "mean_gbp_per_mw_year": 2259.7463965384163,
    "std_gbp_per_year": 448613.93723128893,
    "std_gbp_per_mw_year": 4486.1393723128895,
    "var_gbp_per_year": 422212.31288347184,
    "var_gbp_per_mw_year": 4222.123128834718,
    "cvar_gbp_per_year": 518320.8278343547,
    "cvar_gbp_per_mw_year": 5183.208278343547,
    "p5_gbp_per_year": -422212.312883472,
    "p5_gbp_per_mw_year": -4222.12312883472,
    "p50_gbp_per_year": 174699.0367685565,
    "p50_gbp_per_mw_year": 1746.9903676855652,
    "p95_gbp_per_year": 1051726.712224011,
    "p95_gbp_per_mw_year": 10517.26712224011
  },
  "risk_99": {
    "alpha": 0.99,
    "mean_gbp": 3389619.594807625,
    "std_gbp": 6729209.058469334,
    "var_gbp": 8590065.684060564,
    "cvar_gbp": 9500935.856033739,
    "p5_gbp": -6333184.69325208,
    "p50_gbp": 2620485.5515283477,
    "p95_gbp": 15775900.683360165,
    "value_basis": "lifetime_gbp_with_annualized_fields",
    "annualization_factor": 0.06666666666666667,
    "mean_gbp_per_year": 225974.63965384164,
    "mean_gbp_per_mw_year": 2259.7463965384163,
    "std_gbp_per_year": 448613.93723128893,
    "std_gbp_per_mw_year": 4486.1393723128895,
    "var_gbp_per_year": 572671.0456040376,
    "var_gbp_per_mw_year": 5726.710456040376,
    "cvar_gbp_per_year": 633395.7237355825,
    "cvar_gbp_per_mw_year": 6333.957237355826,
    "p5_gbp_per_year": -422212.312883472,
    "p5_gbp_per_mw_year": -4222.12312883472,
    "p50_gbp_per_year": 174699.0367685565,
    "p50_gbp_per_mw_year": 1746.9903676855652,
    "p95_gbp_per_year": 1051726.712224011,
    "p95_gbp_per_mw_year": 10517.26712224011
  },
  "greeks": {
    "delta_baseload": {
      "name": "delta_baseload",
      "base_mtm": 3389619.594807625,
      "bumped_mtm": 3474360.084677815,
      "bump_size": 1.0,
      "bump_unit": "GBP/MWh",
      "greek": 84740.48987019015,
      "greek_pct": 2.5,
      "tier": "analytical",
      "note": ""
    },
    "delta_dc": {
      "name": "delta_dc",
      "base_mtm": 3389619.594807625,
      "bumped_mtm": 3416736.551566086,
      "bump_size": 1.0,
      "bump_unit": "GBP/MW/h",
      "greek": 27116.95675846096,
      "greek_pct": 0.8,
      "tier": "analytical",
      "note": ""
    },
    "delta_qr": {
      "name": "delta_qr",
      "base_mtm": 3389619.594807625,
      "bumped_mtm": 3403178.0731868553,
      "bump_size": 1.0,
      "bump_unit": "GBP/MW/h",
      "greek": 13558.47837923048,
      "greek_pct": 0.4,
      "tier": "analytical",
      "note": ""
    },
    "delta_imb_drift": {
      "name": "delta_imb_drift",
      "base_mtm": 3389619.594807625,
      "bumped_mtm": 3409957.312376471,
      "bump_size": 5.0,
      "bump_unit": "GBP/MWh",
      "greek": 4067.5435137691907,
      "greek_pct": 0.6,
      "tier": "analytical",
      "note": ""
    },
    "rho": {
      "name": "rho",
      "base_mtm": 3389619.594807625,
      "bumped_mtm": 3348944.1596699334,
      "bump_size": 50.0,
      "bump_unit": "bps",
      "greek": -813.5087027538289,
      "greek_pct": -1.2,
      "tier": "analytical",
      "note": ""
    },
    "delta_availability": {
      "name": "delta_availability",
      "base_mtm": 3389619.594807625,
      "bumped_mtm": 3355723.3988595484,
      "bump_size": 0.02,
      "bump_unit": "fraction",
      "greek": -1694809.7974038217,
      "greek_pct": -1.0,
      "tier": "analytical",
      "note": ""
    },
    "vega_da": {
      "name": "vega_da",
      "base_mtm": 3389619.594807625,
      "bumped_mtm": 3491308.1826518537,
      "bump_size": 0.1,
      "bump_unit": "fraction",
      "greek": 1016885.8784422884,
      "greek_pct": 3.0,
      "tier": "re-solve",
      "note": ""
    },
    "delta_rte": {
      "name": "delta_rte",
      "base_mtm": 3389619.594807625,
      "bumped_mtm": 3338775.3008855106,
      "bump_size": -0.02,
      "bump_unit": "fraction",
      "greek": 2542214.6961057093,
      "greek_pct": -1.5,
      "tier": "re-solve",
      "note": ""
    },
    "delta_soh": {
      "name": "delta_soh",
      "base_mtm": 3389619.594807625,
      "bumped_mtm": 3423515.7907557013,
      "bump_size": 0.01,
      "bump_unit": "fraction",
      "greek": 3389619.5948076434,
      "greek_pct": 1.0,
      "tier": "re-solve",
      "note": ""
    }
  },
  "scenarios": {
    "High price": {
      "name": "High price",
      "stress_mtm_mean": 3898062.534028768,
      "delta_gbp": 508442.9392211437,
      "delta_pct": 15.0
    },
    "Low price": {
      "name": "Low price",
      "stress_mtm_mean": 2881176.655586481,
      "delta_gbp": -508442.9392211437,
      "delta_pct": -15.0
    },
    "High volatility": {
      "name": "High volatility",
      "stress_mtm_mean": 3660789.162392235,
      "delta_gbp": 271169.56758460996,
      "delta_pct": 8.0
    },
    "Low ancillary": {
      "name": "Low ancillary",
      "stress_mtm_mean": 3152346.2231710907,
      "delta_gbp": -237273.37163653376,
      "delta_pct": -7.000000000000001
    },
    "High discount": {
      "name": "High discount",
      "stress_mtm_mean": 3220138.6150672436,
      "delta_gbp": -169480.97974038124,
      "delta_pct": -5.0
    }
  }
}