{
  "mtm": {
    "merchant": 113598.51598643497,
    "toll": 0.0,
    "floor_contracted": 0.0,
    "cm": 1050.9762279041352,
    "floor_optionality": 49.94001990033653,
    "optimiser_fee": -19041.859375,
    "opex_fixed": -5179.866126795196,
    "augmentation": -12526.609726733197,
    "total_mean": 77951.09552621887,
    "total_std": 33561.59032038809,
    "total_p5": 29274.98073526748,
    "total_p95": 139848.04395060032,
    "annuity_factor": 8.109083895409624,
    "alpha_merchant": 1.0,
    "life_years": 15,
    "merchant_std": 39879.15265043806,
    "merchant_p5": 55699.04005531433,
    "merchant_p50": 109198.96704195182,
    "merchant_p95": 186582.96198079706,
    "phase4_annualized_merchant_source": 113599,
    "phase4_horizon_years": 0.2465753424657534,
    "phase4_annualization_factor": 4.055555555555555,
    "value_basis": "annualized_gbp_per_mw_year_from_phase4_annualized",
    "cm_included_in_total": true,
    "asset_mw": 100.0,
    "asset_mwh": 200.0,
    "duration_h": 2.0,
    "duration_label": "2h"
  },
  "risk_95": {
    "alpha": 0.95,
    "mean_gbp": 116926643.28932829,
    "std_gbp": 50342385.48058213,
    "var_gbp": 0.0,
    "cvar_gbp": 0.0,
    "p5_gbp": 43912471.10290122,
    "p50_gbp": 111081786.25378875,
    "p95_gbp": 209772065.9259005,
    "value_basis": "annualized_gbp_per_mw_year_from_phase4_annualized",
    "annualization_factor": 0.06666666666666667,
    "mean_gbp_per_year": 7795109.552621886,
    "mean_gbp_per_mw_year": 77951.09552621887,
    "std_gbp_per_year": 3356159.032038809,
    "std_gbp_per_mw_year": 33561.59032038809,
    "var_gbp_per_year": 0.0,
    "var_gbp_per_mw_year": 0.0,
    "cvar_gbp_per_year": 0.0,
    "cvar_gbp_per_mw_year": 0.0,
    "p5_gbp_per_year": 2927498.073526748,
    "p5_gbp_per_mw_year": 29274.98073526748,
    "p50_gbp_per_year": 7405452.41691925,
    "p50_gbp_per_mw_year": 74054.5241691925,
    "p95_gbp_per_year": 13984804.395060033,
    "p95_gbp_per_mw_year": 139848.04395060032
  },
  "risk_99": {
    "alpha": 0.99,
    "mean_gbp": 116926643.28932829,
    "std_gbp": 50342385.48058213,
    "var_gbp": 0.0,
    "cvar_gbp": 0.0,
    "p5_gbp": 43912471.10290122,
    "p50_gbp": 111081786.25378875,
    "p95_gbp": 209772065.9259005,
    "value_basis": "annualized_gbp_per_mw_year_from_phase4_annualized",
    "annualization_factor": 0.06666666666666667,
    "mean_gbp_per_year": 7795109.552621886,
    "mean_gbp_per_mw_year": 77951.09552621887,
    "std_gbp_per_year": 3356159.032038809,
    "std_gbp_per_mw_year": 33561.59032038809,
    "var_gbp_per_year": 0.0,
    "var_gbp_per_mw_year": 0.0,
    "cvar_gbp_per_year": 0.0,
    "cvar_gbp_per_mw_year": 0.0,
    "p5_gbp_per_year": 2927498.073526748,
    "p5_gbp_per_mw_year": 29274.98073526748,
    "p50_gbp_per_year": 7405452.41691925,
    "p50_gbp_per_mw_year": 74054.5241691925,
    "p95_gbp_per_year": 13984804.395060033,
    "p95_gbp_per_mw_year": 139848.04395060032
  },
  "greeks": {
    "delta_baseload": {
      "name": "delta_baseload",
      "base_mtm": 116926643.28932829,
      "bumped_mtm": 119849809.37156148,
      "bump_size": 1.0,
      "bump_unit": "GBP/MWh",
      "greek": 2923166.082233191,
      "greek_pct": 2.5,
      "tier": "analytical",
      "note": ""
    },
    "delta_dc": {
      "name": "delta_dc",
      "base_mtm": 116926643.28932829,
      "bumped_mtm": 117862056.43564291,
      "bump_size": 1.0,
      "bump_unit": "GBP/MW/h",
      "greek": 935413.146314625,
      "greek_pct": 0.8,
      "tier": "analytical",
      "note": ""
    },
    "delta_qr": {
      "name": "delta_qr",
      "base_mtm": 116926643.28932829,
      "bumped_mtm": 117394349.8624856,
      "bump_size": 1.0,
      "bump_unit": "GBP/MW/h",
      "greek": 467706.5731573125,
      "greek_pct": 0.4,
      "tier": "analytical",
      "note": ""
    },
    "delta_imb_drift": {
      "name": "delta_imb_drift",
      "base_mtm": 116926643.28932829,
      "bumped_mtm": 117628203.14906426,
      "bump_size": 5.0,
      "bump_unit": "GBP/MWh",
      "greek": 140311.97194719536,
      "greek_pct": 0.6,
      "tier": "analytical",
      "note": ""
    },
    "rho": {
      "name": "rho",
      "base_mtm": 116926643.28932829,
      "bumped_mtm": 115523523.56985635,
      "bump_size": 50.0,
      "bump_unit": "bps",
      "greek": -28062.39438943875,
      "greek_pct": -1.2,
      "tier": "analytical",
      "note": ""
    },
    "delta_availability": {
      "name": "delta_availability",
      "base_mtm": 116926643.28932829,
      "bumped_mtm": 115757376.856435,
      "bump_size": 0.02,
      "bump_unit": "fraction",
      "greek": -58463321.64466447,
      "greek_pct": -1.0,
      "tier": "analytical",
      "note": ""
    },
    "vega_da": {
      "name": "vega_da",
      "base_mtm": 116926643.28932829,
      "bumped_mtm": 120434442.58800814,
      "bump_size": 0.1,
      "bump_unit": "fraction",
      "greek": 35077992.98679852,
      "greek_pct": 3.0,
      "tier": "re-solve",
      "note": ""
    },
    "delta_rte": {
      "name": "delta_rte",
      "base_mtm": 116926643.28932829,
      "bumped_mtm": 115172743.63998836,
      "bump_size": -0.02,
      "bump_unit": "fraction",
      "greek": 87694982.4669959,
      "greek_pct": -1.5,
      "tier": "re-solve",
      "note": ""
    },
    "delta_soh": {
      "name": "delta_soh",
      "base_mtm": 116926643.28932829,
      "bumped_mtm": 118095909.72222157,
      "bump_size": 0.01,
      "bump_unit": "fraction",
      "greek": 116926643.28932893,
      "greek_pct": 1.0,
      "tier": "re-solve",
      "note": ""
    }
  },
  "scenarios": {
    "High price": {
      "name": "High price",
      "stress_mtm_mean": 134465639.78272754,
      "delta_gbp": 17538996.493399248,
      "delta_pct": 15.0
    },
    "Low price": {
      "name": "Low price",
      "stress_mtm_mean": 99387646.79592904,
      "delta_gbp": -17538996.493399248,
      "delta_pct": -15.0
    },
    "High volatility": {
      "name": "High volatility",
      "stress_mtm_mean": 126280774.75247456,
      "delta_gbp": 9354131.46314627,
      "delta_pct": 8.0
    },
    "Low ancillary": {
      "name": "Low ancillary",
      "stress_mtm_mean": 108741778.2590753,
      "delta_gbp": -8184865.030252993,
      "delta_pct": -7.000000000000001
    },
    "High discount": {
      "name": "High discount",
      "stress_mtm_mean": 111080311.12486187,
      "delta_gbp": -5846332.164466426,
      "delta_pct": -5.0
    }
  }
}