{
  "mtm": {
    "merchant": 868.2395682054114,
    "toll": 0.0,
    "floor_contracted": 0.0,
    "cm": 1050.9762279041352,
    "floor_optionality": 15191.563271042496,
    "optimiser_fee": -108.089,
    "opex_fixed": -5179.866126795196,
    "augmentation": -12526.609726733197,
    "total_mean": -1754.762012874236,
    "total_std": 155.4807610442025,
    "total_p5": -1954.1616659448812,
    "total_p95": -1436.2136573253672,
    "annuity_factor": 8.109083895409624,
    "alpha_merchant": 1.0,
    "life_years": 15
  },
  "risk_95": {
    "alpha": 0.95,
    "mean_gbp": -2632143.019311354,
    "std_gbp": 233221.14156630373,
    "var_gbp": 2931242.4989173217,
    "cvar_gbp": 2973647.4493575576,
    "p5_gbp": -2931242.4989173217,
    "p50_gbp": -2675516.2592570204,
    "p95_gbp": -2154320.4859880507
  },
  "risk_99": {
    "alpha": 0.99,
    "mean_gbp": -2632143.019311354,
    "std_gbp": 233221.14156630373,
    "var_gbp": 2999711.097196556,
    "cvar_gbp": 3021735.371295102,
    "p5_gbp": -2931242.4989173217,
    "p50_gbp": -2675516.2592570204,
    "p95_gbp": -2154320.4859880507
  },
  "greeks": {
    "delta_baseload": {
      "name": "delta_baseload",
      "base_mtm": -2632143.019311354,
      "bumped_mtm": -2697946.594794138,
      "bump_size": 1.0,
      "bump_unit": "GBP/MWh",
      "greek": -65803.57548278384,
      "greek_pct": 2.5,
      "tier": "analytical",
      "note": ""
    },
    "delta_dc": {
      "name": "delta_dc",
      "base_mtm": -2632143.019311354,
      "bumped_mtm": -2653200.163465845,
      "bump_size": 1.0,
      "bump_unit": "GBP/MW/h",
      "greek": -21057.144154490903,
      "greek_pct": 0.8,
      "tier": "analytical",
      "note": ""
    },
    "delta_qr": {
      "name": "delta_qr",
      "base_mtm": -2632143.019311354,
      "bumped_mtm": -2642671.5913885995,
      "bump_size": 1.0,
      "bump_unit": "GBP/MW/h",
      "greek": -10528.572077245452,
      "greek_pct": 0.4,
      "tier": "analytical",
      "note": ""
    },
    "delta_imb_drift": {
      "name": "delta_imb_drift",
      "base_mtm": -2632143.019311354,
      "bumped_mtm": -2647935.877427222,
      "bump_size": 5.0,
      "bump_unit": "GBP/MWh",
      "greek": -3158.5716231736355,
      "greek_pct": 0.6,
      "tier": "analytical",
      "note": ""
    },
    "rho": {
      "name": "rho",
      "base_mtm": -2632143.019311354,
      "bumped_mtm": -2600557.3030796177,
      "bump_size": 50.0,
      "bump_unit": "bps",
      "greek": 631.7143246347271,
      "greek_pct": -1.2,
      "tier": "analytical",
      "note": ""
    },
    "delta_availability": {
      "name": "delta_availability",
      "base_mtm": -2632143.019311354,
      "bumped_mtm": -2605821.5891182404,
      "bump_size": 0.02,
      "bump_unit": "fraction",
      "greek": 1316071.5096556814,
      "greek_pct": -1.0,
      "tier": "analytical",
      "note": ""
    },
    "vega_da": {
      "name": "vega_da",
      "base_mtm": -2632143.019311354,
      "bumped_mtm": -2711107.309890695,
      "bump_size": 0.1,
      "bump_unit": "fraction",
      "greek": -789642.9057934089,
      "greek_pct": 3.0,
      "tier": "re-solve",
      "note": ""
    },
    "delta_rte": {
      "name": "delta_rte",
      "base_mtm": -2632143.019311354,
      "bumped_mtm": -2592660.874021684,
      "bump_size": -0.02,
      "bump_unit": "fraction",
      "greek": -1974107.2644835105,
      "greek_pct": -1.5,
      "tier": "re-solve",
      "note": ""
    },
    "delta_soh": {
      "name": "delta_soh",
      "base_mtm": -2632143.019311354,
      "bumped_mtm": -2658464.4495044677,
      "bump_size": 0.01,
      "bump_unit": "fraction",
      "greek": -2632143.019311363,
      "greek_pct": 1.0,
      "tier": "re-solve",
      "note": ""
    }
  },
  "scenarios": {
    "High price": {
      "name": "High price",
      "stress_mtm_mean": -3026964.472208057,
      "delta_gbp": -394821.4528967031,
      "delta_pct": 15.0
    },
    "Low price": {
      "name": "Low price",
      "stress_mtm_mean": -2237321.566414651,
      "delta_gbp": 394821.4528967031,
      "delta_pct": -15.0
    },
    "High volatility": {
      "name": "High volatility",
      "stress_mtm_mean": -2842714.4608562626,
      "delta_gbp": -210571.44154490833,
      "delta_pct": 8.0
    },
    "Low ancillary": {
      "name": "Low ancillary",
      "stress_mtm_mean": -2447893.007959559,
      "delta_gbp": 184250.0113517948,
      "delta_pct": -7.000000000000001
    },
    "High discount": {
      "name": "High discount",
      "stress_mtm_mean": -2500535.8683457864,
      "delta_gbp": 131607.1509655677,
      "delta_pct": -5.0
    }
  }
}