{
  "mtm": {
    "merchant": 1000.1182824258487,
    "toll": 0.0,
    "floor_contracted": 0.0,
    "cm": 1050.9762279041352,
    "floor_optionality": 15119.029978221255,
    "optimiser_fee": -128.44066666666666,
    "opex_fixed": -5179.866126795196,
    "augmentation": -12526.609726733197,
    "total_mean": -1715.7682565792063,
    "total_std": 386.11083986755244,
    "total_p5": -2100.0400410803436,
    "total_p95": -903.8399412152098,
    "annuity_factor": 8.109083895409624,
    "alpha_merchant": 1.0,
    "life_years": 15
  },
  "risk_95": {
    "alpha": 0.95,
    "mean_gbp": -2573652.3848688095,
    "std_gbp": 579166.2598013286,
    "var_gbp": 3150060.0616205153,
    "cvar_gbp": 3215138.209063256,
    "p5_gbp": -3150060.0616205153,
    "p50_gbp": -2802994.7890914474,
    "p95_gbp": -1355759.9118228147
  },
  "risk_99": {
    "alpha": 0.99,
    "mean_gbp": -2573652.3848688095,
    "std_gbp": 579166.2598013286,
    "var_gbp": 3261206.563481741,
    "cvar_gbp": 3337273.3052808307,
    "p5_gbp": -3150060.0616205153,
    "p50_gbp": -2802994.7890914474,
    "p95_gbp": -1355759.9118228147
  },
  "greeks": {
    "delta_baseload": {
      "name": "delta_baseload",
      "base_mtm": -2573652.3848688095,
      "bumped_mtm": -2637993.6944905296,
      "bump_size": 1.0,
      "bump_unit": "GBP/MWh",
      "greek": -64341.30962172011,
      "greek_pct": 2.5,
      "tier": "analytical",
      "note": ""
    },
    "delta_dc": {
      "name": "delta_dc",
      "base_mtm": -2573652.3848688095,
      "bumped_mtm": -2594241.60394776,
      "bump_size": 1.0,
      "bump_unit": "GBP/MW/h",
      "greek": -20589.219078950584,
      "greek_pct": 0.8,
      "tier": "analytical",
      "note": ""
    },
    "delta_qr": {
      "name": "delta_qr",
      "base_mtm": -2573652.3848688095,
      "bumped_mtm": -2583946.994408285,
      "bump_size": 1.0,
      "bump_unit": "GBP/MW/h",
      "greek": -10294.609539475292,
      "greek_pct": 0.4,
      "tier": "analytical",
      "note": ""
    },
    "delta_imb_drift": {
      "name": "delta_imb_drift",
      "base_mtm": -2573652.3848688095,
      "bumped_mtm": -2589094.2991780224,
      "bump_size": 5.0,
      "bump_unit": "GBP/MWh",
      "greek": -3088.3828618425878,
      "greek_pct": 0.6,
      "tier": "analytical",
      "note": ""
    },
    "rho": {
      "name": "rho",
      "base_mtm": -2573652.3848688095,
      "bumped_mtm": -2542768.5562503836,
      "bump_size": 50.0,
      "bump_unit": "bps",
      "greek": 617.6765723685176,
      "greek_pct": -1.2,
      "tier": "analytical",
      "note": ""
    },
    "delta_availability": {
      "name": "delta_availability",
      "base_mtm": -2573652.3848688095,
      "bumped_mtm": -2547915.8610201213,
      "bump_size": 0.02,
      "bump_unit": "fraction",
      "greek": 1286826.1924344115,
      "greek_pct": -1.0,
      "tier": "analytical",
      "note": ""
    },
    "vega_da": {
      "name": "vega_da",
      "base_mtm": -2573652.3848688095,
      "bumped_mtm": -2650861.9564148737,
      "bump_size": 0.1,
      "bump_unit": "fraction",
      "greek": -772095.7154606422,
      "greek_pct": 3.0,
      "tier": "re-solve",
      "note": ""
    },
    "delta_rte": {
      "name": "delta_rte",
      "base_mtm": -2573652.3848688095,
      "bumped_mtm": -2535047.599095777,
      "bump_size": -0.02,
      "bump_unit": "fraction",
      "greek": -1930239.2886516172,
      "greek_pct": -1.5,
      "tier": "re-solve",
      "note": ""
    },
    "delta_soh": {
      "name": "delta_soh",
      "base_mtm": -2573652.3848688095,
      "bumped_mtm": -2599388.9087174977,
      "bump_size": 0.01,
      "bump_unit": "fraction",
      "greek": -2573652.384868823,
      "greek_pct": 1.0,
      "tier": "re-solve",
      "note": ""
    }
  },
  "scenarios": {
    "High price": {
      "name": "High price",
      "stress_mtm_mean": -2959700.2425991306,
      "delta_gbp": -386047.8577303214,
      "delta_pct": 15.0
    },
    "Low price": {
      "name": "Low price",
      "stress_mtm_mean": -2187604.527138488,
      "delta_gbp": 386047.8577303214,
      "delta_pct": -15.0
    },
    "High volatility": {
      "name": "High volatility",
      "stress_mtm_mean": -2779544.5756583144,
      "delta_gbp": -205892.19078950476,
      "delta_pct": 8.0
    },
    "Low ancillary": {
      "name": "Low ancillary",
      "stress_mtm_mean": -2393496.717927993,
      "delta_gbp": 180155.66694081668,
      "delta_pct": -7.000000000000001
    },
    "High discount": {
      "name": "High discount",
      "stress_mtm_mean": -2444969.765625369,
      "delta_gbp": 128682.61924344048,
      "delta_pct": -5.0
    }
  }
}