{
  "mtm": {
    "merchant": 124151.58832780308,
    "toll": 0.0,
    "floor_contracted": 0.0,
    "cm": 1050.9762279041352,
    "floor_optionality": 10.64027484479484,
    "optimiser_fee": -23848.733049001436,
    "opex_fixed": -5179.866126795196,
    "augmentation": -12526.609726733197,
    "total_mean": 83657.9959280222,
    "total_std": 43586.782107326544,
    "total_p5": 21676.41985035087,
    "total_p95": 162297.617199043,
    "annuity_factor": 8.109083895409624,
    "alpha_merchant": 1.0,
    "life_years": 15,
    "merchant_std": 52141.15590473112,
    "merchant_p5": 51929.40359362207,
    "merchant_p95": 217454.9783261001,
    "phase4_annualized_merchant_source": 124152,
    "phase4_horizon_years": 0.123288,
    "phase4_annualization_factor": 8.111111,
    "value_basis": "annualized_gbp_per_mw_year_from_phase4_annualized",
    "cm_included_in_total": true,
    "asset_mw": 100.0,
    "asset_mwh": 200.0,
    "duration_h": 2.0,
    "duration_label": "2h"
  },
  "risk_95": {
    "alpha": 0.95,
    "mean_gbp": 125486993.8920333,
    "std_gbp": 65380173.16098981,
    "var_gbp": -80562083.34581046,
    "cvar_gbp": -95167099.42835677,
    "p5_gbp": 32514629.775526308,
    "p50_gbp": 113076713.12133677,
    "p95_gbp": 243446425.79856446,
    "value_basis": "annualized_gbp_per_mw_year_from_phase4_annualized",
    "annualization_factor": 0.06666666666666667,
    "mean_gbp_per_year": 8365799.59280222,
    "mean_gbp_per_mw_year": 83657.9959280222,
    "std_gbp_per_year": 4358678.210732655,
    "std_gbp_per_mw_year": 43586.782107326544,
    "var_gbp_per_year": -5370805.556387364,
    "var_gbp_per_mw_year": -53708.05556387364,
    "cvar_gbp_per_year": -6344473.295223785,
    "cvar_gbp_per_mw_year": -63444.73295223784,
    "p5_gbp_per_year": 2167641.985035087,
    "p5_gbp_per_mw_year": 21676.41985035087,
    "p50_gbp_per_year": 7538447.541422452,
    "p50_gbp_per_mw_year": 75384.47541422452,
    "p95_gbp_per_year": 16229761.719904298,
    "p95_gbp_per_mw_year": 162297.617199043
  },
  "risk_99": {
    "alpha": 0.99,
    "mean_gbp": 125486993.8920333,
    "std_gbp": 65380173.16098981,
    "var_gbp": -104228268.1632582,
    "cvar_gbp": -107509562.49535015,
    "p5_gbp": 32514629.775526308,
    "p50_gbp": 113076713.12133677,
    "p95_gbp": 243446425.79856446,
    "value_basis": "annualized_gbp_per_mw_year_from_phase4_annualized",
    "annualization_factor": 0.06666666666666667,
    "mean_gbp_per_year": 8365799.59280222,
    "mean_gbp_per_mw_year": 83657.9959280222,
    "std_gbp_per_year": 4358678.210732655,
    "std_gbp_per_mw_year": 43586.782107326544,
    "var_gbp_per_year": -6948551.21088388,
    "var_gbp_per_mw_year": -69485.5121088388,
    "cvar_gbp_per_year": -7167304.166356677,
    "cvar_gbp_per_mw_year": -71673.04166356676,
    "p5_gbp_per_year": 2167641.985035087,
    "p5_gbp_per_mw_year": 21676.41985035087,
    "p50_gbp_per_year": 7538447.541422452,
    "p50_gbp_per_mw_year": 75384.47541422452,
    "p95_gbp_per_year": 16229761.719904298,
    "p95_gbp_per_mw_year": 162297.617199043
  },
  "greeks": {
    "delta_baseload": {
      "name": "delta_baseload",
      "base_mtm": 125486993.8920333,
      "bumped_mtm": 128624168.73933412,
      "bump_size": 1.0,
      "bump_unit": "GBP/MWh",
      "greek": 3137174.8473008275,
      "greek_pct": 2.5,
      "tier": "analytical",
      "note": ""
    },
    "delta_dc": {
      "name": "delta_dc",
      "base_mtm": 125486993.8920333,
      "bumped_mtm": 126490889.84316956,
      "bump_size": 1.0,
      "bump_unit": "GBP/MW/h",
      "greek": 1003895.9511362612,
      "greek_pct": 0.8,
      "tier": "analytical",
      "note": ""
    },
    "delta_qr": {
      "name": "delta_qr",
      "base_mtm": 125486993.8920333,
      "bumped_mtm": 125988941.86760142,
      "bump_size": 1.0,
      "bump_unit": "GBP/MW/h",
      "greek": 501947.9755681306,
      "greek_pct": 0.4,
      "tier": "analytical",
      "note": ""
    },
    "delta_imb_drift": {
      "name": "delta_imb_drift",
      "base_mtm": 125486993.8920333,
      "bumped_mtm": 126239915.8553855,
      "bump_size": 5.0,
      "bump_unit": "GBP/MWh",
      "greek": 150584.39267044066,
      "greek_pct": 0.6,
      "tier": "analytical",
      "note": ""
    },
    "rho": {
      "name": "rho",
      "base_mtm": 125486993.8920333,
      "bumped_mtm": 123981149.96532889,
      "bump_size": 50.0,
      "bump_unit": "bps",
      "greek": -30116.878534088133,
      "greek_pct": -1.2,
      "tier": "analytical",
      "note": ""
    },
    "delta_availability": {
      "name": "delta_availability",
      "base_mtm": 125486993.8920333,
      "bumped_mtm": 124232123.95311296,
      "bump_size": 0.02,
      "bump_unit": "fraction",
      "greek": -62743496.9460167,
      "greek_pct": -1.0,
      "tier": "analytical",
      "note": ""
    },
    "vega_da": {
      "name": "vega_da",
      "base_mtm": 125486993.8920333,
      "bumped_mtm": 129251603.7087943,
      "bump_size": 0.1,
      "bump_unit": "fraction",
      "greek": 37646098.16761002,
      "greek_pct": 3.0,
      "tier": "re-solve",
      "note": ""
    },
    "delta_rte": {
      "name": "delta_rte",
      "base_mtm": 125486993.8920333,
      "bumped_mtm": 123604688.98365279,
      "bump_size": -0.02,
      "bump_unit": "fraction",
      "greek": 94115245.41902542,
      "greek_pct": -1.5,
      "tier": "re-solve",
      "note": ""
    },
    "delta_soh": {
      "name": "delta_soh",
      "base_mtm": 125486993.8920333,
      "bumped_mtm": 126741863.83095363,
      "bump_size": 0.01,
      "bump_unit": "fraction",
      "greek": 125486993.8920334,
      "greek_pct": 1.0,
      "tier": "re-solve",
      "note": ""
    }
  },
  "scenarios": {
    "High price": {
      "name": "High price",
      "stress_mtm_mean": 144310042.97583827,
      "delta_gbp": 18823049.083804995,
      "delta_pct": 15.0
    },
    "Low price": {
      "name": "Low price",
      "stress_mtm_mean": 106663944.8082283,
      "delta_gbp": -18823049.083804995,
      "delta_pct": -15.0
    },
    "High volatility": {
      "name": "High volatility",
      "stress_mtm_mean": 135525953.40339598,
      "delta_gbp": 10038959.511362664,
      "delta_pct": 8.0
    },
    "Low ancillary": {
      "name": "Low ancillary",
      "stress_mtm_mean": 116702904.31959096,
      "delta_gbp": -8784089.572442332,
      "delta_pct": -7.000000000000001
    },
    "High discount": {
      "name": "High discount",
      "stress_mtm_mean": 119212644.19743162,
      "delta_gbp": -6274349.694601665,
      "delta_pct": -5.0
    }
  }
}