{
  "mtm": {
    "merchant": 144.87889899212385,
    "toll": 0.0,
    "floor_contracted": 0.0,
    "cm": 1050.9762279041352,
    "floor_optionality": 15589.4116391098,
    "optimiser_fee": -62.12171875,
    "opex_fixed": -5179.866126795196,
    "augmentation": -12526.609726733197,
    "total_mean": -2034.3070288691774,
    "total_std": 287.1327523165433,
    "total_p5": -2392.5291106716672,
    "total_p95": -1522.8543420140081,
    "annuity_factor": 8.109083895409624,
    "alpha_merchant": 1.0,
    "life_years": 15
  },
  "risk_95": {
    "alpha": 0.95,
    "mean_gbp": -3051460.5433037663,
    "std_gbp": 430699.128474815,
    "var_gbp": 3588793.666007501,
    "cvar_gbp": 3680876.5056551322,
    "p5_gbp": -3588793.666007501,
    "p50_gbp": -3119900.5424232874,
    "p95_gbp": -2284281.5130210123
  },
  "risk_99": {
    "alpha": 0.99,
    "mean_gbp": -3051460.5433037663,
    "std_gbp": 430699.128474815,
    "var_gbp": 3784653.6329248846,
    "cvar_gbp": 3851140.9065286047,
    "p5_gbp": -3588793.666007501,
    "p50_gbp": -3119900.5424232874,
    "p95_gbp": -2284281.5130210123
  },
  "greeks": {
    "delta_baseload": {
      "name": "delta_baseload",
      "base_mtm": -3051460.5433037663,
      "bumped_mtm": -3127747.05688636,
      "bump_size": 1.0,
      "bump_unit": "GBP/MWh",
      "greek": -76286.51358259376,
      "greek_pct": 2.5,
      "tier": "analytical",
      "note": ""
    },
    "delta_dc": {
      "name": "delta_dc",
      "base_mtm": -3051460.5433037663,
      "bumped_mtm": -3075872.2276501963,
      "bump_size": 1.0,
      "bump_unit": "GBP/MW/h",
      "greek": -24411.684346430004,
      "greek_pct": 0.8,
      "tier": "analytical",
      "note": ""
    },
    "delta_qr": {
      "name": "delta_qr",
      "base_mtm": -3051460.5433037663,
      "bumped_mtm": -3063666.3854769813,
      "bump_size": 1.0,
      "bump_unit": "GBP/MW/h",
      "greek": -12205.842173215002,
      "greek_pct": 0.4,
      "tier": "analytical",
      "note": ""
    },
    "delta_imb_drift": {
      "name": "delta_imb_drift",
      "base_mtm": -3051460.5433037663,
      "bumped_mtm": -3069769.306563589,
      "bump_size": 5.0,
      "bump_unit": "GBP/MWh",
      "greek": -3661.7526519645007,
      "greek_pct": 0.6,
      "tier": "analytical",
      "note": ""
    },
    "rho": {
      "name": "rho",
      "base_mtm": -3051460.5433037663,
      "bumped_mtm": -3014843.0167841213,
      "bump_size": 50.0,
      "bump_unit": "bps",
      "greek": 732.3505303929,
      "greek_pct": -1.2,
      "tier": "analytical",
      "note": ""
    },
    "delta_availability": {
      "name": "delta_availability",
      "base_mtm": -3051460.5433037663,
      "bumped_mtm": -3020945.937870729,
      "bump_size": 0.02,
      "bump_unit": "fraction",
      "greek": 1525730.2716518752,
      "greek_pct": -1.0,
      "tier": "analytical",
      "note": ""
    },
    "vega_da": {
      "name": "vega_da",
      "base_mtm": -3051460.5433037663,
      "bumped_mtm": -3143004.3596028793,
      "bump_size": 0.1,
      "bump_unit": "fraction",
      "greek": -915438.1629911298,
      "greek_pct": 3.0,
      "tier": "re-solve",
      "note": ""
    },
    "delta_rte": {
      "name": "delta_rte",
      "base_mtm": -3051460.5433037663,
      "bumped_mtm": -3005688.6351542096,
      "bump_size": -0.02,
      "bump_unit": "fraction",
      "greek": -2288595.407477836,
      "greek_pct": -1.5,
      "tier": "re-solve",
      "note": ""
    },
    "delta_soh": {
      "name": "delta_soh",
      "base_mtm": -3051460.5433037663,
      "bumped_mtm": -3081975.148736804,
      "bump_size": 0.01,
      "bump_unit": "fraction",
      "greek": -3051460.5433037505,
      "greek_pct": 1.0,
      "tier": "re-solve",
      "note": ""
    }
  },
  "scenarios": {
    "High price": {
      "name": "High price",
      "stress_mtm_mean": -3509179.624799331,
      "delta_gbp": -457719.08149556495,
      "delta_pct": 15.0
    },
    "Low price": {
      "name": "Low price",
      "stress_mtm_mean": -2593741.4618082014,
      "delta_gbp": 457719.08149556495,
      "delta_pct": -15.0
    },
    "High volatility": {
      "name": "High volatility",
      "stress_mtm_mean": -3295577.3867680677,
      "delta_gbp": -244116.84346430132,
      "delta_pct": 8.0
    },
    "Low ancillary": {
      "name": "Low ancillary",
      "stress_mtm_mean": -2837858.3052725024,
      "delta_gbp": 213602.23803126367,
      "delta_pct": -7.000000000000001
    },
    "High discount": {
      "name": "High discount",
      "stress_mtm_mean": -2898887.516138578,
      "delta_gbp": 152573.0271651883,
      "delta_pct": -5.0
    }
  }
}