{
  "n_factors": 3,
  "eigenvalues": [
    10.705601914078038,
    6.456922010867539,
    2.197932968072145
  ],
  "loadings": [
    [
      -0.07207500839707036,
      -0.08300270994000741,
      -0.08916265942308223,
      -0.10034974392219795,
      -0.10891749024900368,
      -0.12713739243123867,
      -0.129475380527284,
      -0.13604482063215098,
      -0.13408707141091797,
      -0.13881322858528694,
      -0.13608330363003915,
      -0.11870298928191843,
      -0.1114301713388082,
      -0.07114040705522642,
      -0.10216386644475764,
      -0.08861940699087163,
      -0.1116863663234431,
      -0.1021255327042263,
      -0.15414610559997866,
      -0.17325038963343992,
      -0.18351136315902564,
      -0.20583803001430737,
      -0.2446943095565143,
      -0.2505266574412077,
      -0.2539148356457986,
      -0.2541293192127823,
      -0.2500013360713994,
      -0.25761188298657794,
      -0.24261920641809803,
      -0.24341058809929564,
      -0.21569755389705444,
      -0.1857098203083275,
      -0.1633252610702183,
      -0.08620587856563834,
      -0.030554979836881473,
      0.012396811222387373,
      0.023445663337785378,
      0.03938457622296293,
      0.05967493650135131,
      0.06607138188811784,
      0.06912551292030696,
      0.06776635657617813,
      0.06915690079154312,
      0.05834104615218734,
      0.06003246866319924,
      0.04063525809771677,
      0.022169711574310337,
      0.005970611326254588
    ],
    [
      -0.2300715406686815,
      -0.2237683359916448,
      -0.24306551102499646,
      -0.25200085338577716,
      -0.2553514301087792,
      -0.2614592176815472,
      -0.26185333402019323,
      -0.26829642498460154,
      -0.26655983653812115,
      -0.25850012124106697,
      -0.23454716434894657,
      -0.17741585297403542,
      -0.14793035248369038,
      -0.06203331287694713,
      -0.045929869372634144,
      -0.03058348291868853,
      -0.023590544096629952,
      -0.017777735221161384,
      -0.0030015715239440134,
      0.016617293881392953,
      0.026536376494022743,
      0.06415768399840956,
      0.09581881990917959,
      0.10502028920751232,
      0.12154942363716176,
      0.13239561149062729,
      0.15029010193045605,
      0.1639067158321874,
      0.16302996241583903,
      0.16050549355033683,
      0.15562944663850944,
      0.14750389521215426,
      0.1238417597159355,
      0.0983570061257106,
      0.066934812113214,
      0.05196988527222059,
      0.051151865572586094,
      0.0408877446490329,
      0.029409040585252802,
      0.01826369318688757,
      0.018603184177138944,
      0.01683462935181989,
      0.018667791997153755,
      0.02205889168405218,
      0.021942281317904277,
      0.015152506378228587,
      0.020924105680283838,
      0.02444497530029182
    ],
    [
      -0.15839445908537703,
      -0.1569467601608261,
      -0.16023708669146988,
      -0.14466051152222595,
      -0.15039789584160937,
      -0.13173745983177026,
      -0.101026620845173,
      -0.06495293472658756,
      -0.03057962477936501,
      -0.005448562550889932,
      0.05117496593723986,
      0.11588914969746641,
      0.15547339258854623,
      0.18924542980114545,
      0.2283682607997486,
      0.23703248082200856,
      0.22806229128548997,
      0.22340689735224317,
      0.24162861369605826,
      0.2210595764246257,
      0.1959979413614615,
      0.13376208553272748,
      0.07530826809045268,
      0.04401717564230191,
      -0.0010953026555745827,
      -0.03737086405152961,
      -0.10185044378138271,
      -0.1448406567469538,
      -0.15166054040373908,
      -0.16751807616678052,
      -0.18519100337036948,
      -0.162787013318775,
      -0.13203736434591215,
      -0.06736829439768839,
      -0.04690874701379388,
      -0.05224520062573403,
      -0.04700843024692136,
      -0.0551173018369987,
      -0.05395932250926059,
      -0.04807245780573962,
      -0.04812442947364817,
      -0.06049325072282334,
      -0.06867130185588714,
      -0.11349743156538249,
      -0.11170295593706049,
      -0.17283537241660804,
      -0.22372986844365517,
      -0.3047797041326241
    ]
  ],
  "alpha": [
    0.8875915249633145,
    1.7554819884723987,
    2.2860709088708178
  ],
  "sigma_lambda": [
    4.360663745578108,
    4.761061656865539,
    3.170076117285003
  ],
  "explained_variance_ratio": [
    0.4255038533730438,
    0.25663621892575944,
    0.08735883837979327
  ]
}