{
  "n_factors": 3,
  "eigenvalues": [
    9.291289312365274,
    6.234624316262438,
    2.0935020284987753
  ],
  "loadings": [
    [
      -0.11038080906181053,
      -0.12014710381178573,
      -0.1356078157208148,
      -0.15406934945818646,
      -0.16557085877003277,
      -0.20101542301045022,
      -0.20077620363563628,
      -0.2069766992256293,
      -0.19342561947933698,
      -0.1923564719585073,
      -0.19154599678786077,
      -0.14951770903646738,
      -0.14622075056386874,
      -0.06663989075856355,
      -0.11613909738796334,
      -0.10041150715847862,
      -0.12145532597425825,
      -0.08959550243670769,
      -0.1249140761991154,
      -0.13928071741253517,
      -0.14219495234180346,
      -0.15402282807229664,
      -0.20020378140187675,
      -0.2055495815947761,
      -0.1979700932210333,
      -0.2071287596579365,
      -0.2065965085224199,
      -0.21888170248074823,
      -0.20958669067087218,
      -0.21613851648859592,
      -0.21407220628930793,
      -0.1848245929536316,
      -0.172614080174106,
      -0.07354330649033497,
      -0.018362963851465044,
      0.026864595709965272,
      0.031859744328093395,
      0.04504759417274176,
      0.06413701530205061,
      0.06701338724728305,
      0.07120771199906271,
      0.06870518269962136,
      0.07123779779176855,
      0.05478570561073528,
      0.05704743382454806,
      0.02599956896304365,
      0.017481722477964458,
      -0.006645821723689663
    ],
    [
      -0.19194194887844626,
      -0.17799252104909835,
      -0.21446861387704286,
      -0.2201083451566763,
      -0.2142710872295648,
      -0.22040521139005062,
      -0.2284160945339552,
      -0.227201818998491,
      -0.2378972486106314,
      -0.22520944872446366,
      -0.2125620082047722,
      -0.16476625740834763,
      -0.131781131317816,
      -0.03834440984344273,
      -0.013950861489698695,
      -0.0027514406216589556,
      0.013364788087173401,
      0.007938104219874682,
      0.03135766738341283,
      0.05755016588906715,
      0.06743629878192611,
      0.09633801625501875,
      0.14187434701399562,
      0.1610973640556438,
      0.17681643404552969,
      0.18419238564719315,
      0.20388103686505385,
      0.22359351522833984,
      0.21653334523467888,
      0.21507869309225974,
      0.20220923056570697,
      0.1790634192612881,
      0.15633633178008316,
      0.10446603308080435,
      0.06930347382281646,
      0.045956129531975254,
      0.043198056502112336,
      0.02979336327285194,
      0.015551837134669226,
      0.010011920304369537,
      0.011525410182062833,
      0.013290819958176256,
      0.01578746176590776,
      0.026533159759596726,
      0.021075987899684075,
      0.029470669546075128,
      0.028505327298421722,
      0.06335735374018728
    ],
    [
      -0.16555218502562852,
      -0.1581991869804194,
      -0.1500263578446653,
      -0.1389178217887391,
      -0.1535992310641674,
      -0.12610923489295753,
      -0.11581678173539306,
      -0.06418949946895969,
      -0.041579046795832714,
      0.007434223317601571,
      0.07444951564116417,
      0.13996471860210727,
      0.194049420590329,
      0.2117462267402114,
      0.28833139173968353,
      0.3041900460177265,
      0.29534196161284987,
      0.2562736163491277,
      0.2572204114220547,
      0.23985589625920245,
      0.20985865865105574,
      0.12142732142128113,
      0.06399900030500348,
      0.02046165405555737,
      -0.06794908490119791,
      -0.08236820401921348,
      -0.11244643464111664,
      -0.14736553724146428,
      -0.11840097715541963,
      -0.12868827844374928,
      -0.12137818448114966,
      -0.06754169276285013,
      -0.06345502728107695,
      -0.019249821209657167,
      -0.029786140984628076,
      -0.03802204664413417,
      -0.03319667624759867,
      -0.03729346742745643,
      -0.041033101906587835,
      -0.0421339341404868,
      -0.040691293474406066,
      -0.044309393261495994,
      -0.05062952642748541,
      -0.07274216396961553,
      -0.07574790082261827,
      -0.13198132326713347,
      -0.14162877426676737,
      -0.24647626662458452
    ]
  ],
  "alpha": [
    0.7967420921094657,
    2.1005747472730047,
    2.3448234294435184
  ],
  "sigma_lambda": [
    3.8504068936199207,
    5.117544425432266,
    3.133190597074701
  ],
  "explained_variance_ratio": [
    0.40881929956612467,
    0.27432519431293917,
    0.09211466828313132
  ]
}