{
  "n_factors": 3,
  "eigenvalues": [
    7.076904200158057,
    5.553500325359704,
    2.147554864680779
  ],
  "loadings": [
    [
      -0.15986066414344935,
      -0.14713416226561582,
      -0.15551093866544255,
      -0.15254643850486016,
      -0.1469481229982439,
      -0.1361457775051442,
      -0.13261664444343318,
      -0.13225999573118843,
      -0.13278644793261962,
      -0.12546301278921265,
      -0.11371794432845095,
      -0.08892703484242123,
      -0.0755367457631953,
      -0.04920951537076326,
      -0.012999029858768303,
      -0.012237656591426734,
      0.011553730112865153,
      0.011080196143437174,
      0.065461650609164,
      0.09684606242229014,
      0.11250874571518212,
      0.157432279965892,
      0.21421224988034687,
      0.2256514180373948,
      0.23981049971298074,
      0.24670869221003325,
      0.25437606693944737,
      0.2676405450172901,
      0.2529212865845763,
      0.24991976222834175,
      0.21962498692469545,
      0.185989677521751,
      0.15137233112980833,
      0.06728005495404937,
      -0.0022444432215550994,
      -0.04615796275204964,
      -0.0558622578403019,
      -0.07578321573536605,
      -0.09997777850988225,
      -0.11239627483047818,
      -0.11431417662618192,
      -0.11743131659836757,
      -0.1169198110480033,
      -0.11266434037820774,
      -0.11300108119873067,
      -0.10978591288371115,
      -0.0939988122816114,
      -0.08595272047086366
    ],
    [
      -0.13868684253032587,
      -0.14249892417269538,
      -0.16188638630415608,
      -0.17835302080617624,
      -0.1903384898667787,
      -0.21117307198790303,
      -0.2176265018860894,
      -0.22699434014986342,
      -0.22376567501396483,
      -0.21749517999073179,
      -0.19195937111567732,
      -0.13384315017687504,
      -0.10373478291751796,
      -0.005074372138182782,
      -0.020367173107350072,
      0.00017837964863703159,
      -0.015388705588045013,
      -0.00990817457087949,
      -0.04886813047502591,
      -0.05615975043441281,
      -0.058866467461442015,
      -0.05237034977432583,
      -0.07030300641652042,
      -0.0693123268759122,
      -0.0600146241365378,
      -0.05044083394124251,
      -0.03050716798706876,
      -0.02195388793550872,
      -0.005150546798274342,
      -0.003464950937694667,
      0.02703674776432317,
      0.05523139782185217,
      0.05745276422171146,
      0.11428748200453953,
      0.1454968496041099,
      0.1692872988799422,
      0.17865272876274702,
      0.18489772601074317,
      0.19383466565460572,
      0.19027778806913173,
      0.1925119921464893,
      0.19662267633966177,
      0.19843672115993435,
      0.20664191725844133,
      0.2056256667475553,
      0.2011747689345723,
      0.1967003641528209,
      0.20215827031536038
    ],
    [
      0.17020195364363946,
      0.16629075825204823,
      0.16946876789412763,
      0.1521929159857468,
      0.16154948979346112,
      0.14003595890938025,
      0.11087705818584566,
      0.06840943405633801,
      0.029310933112521798,
      -0.006139242407784307,
      -0.07946556823910415,
      -0.15322508612172628,
      -0.19913383867998302,
      -0.23728433982019156,
      -0.2784940757254706,
      -0.2843351839048587,
      -0.2724685436051191,
      -0.25584514800957475,
      -0.2677770778312888,
      -0.23736618053462005,
      -0.20771513037123485,
      -0.13688454388932797,
      -0.060417622479746774,
      -0.025035988423937734,
      0.02451740103183778,
      0.061135969264650404,
      0.12547528830852317,
      0.16388738059307248,
      0.1629656051173597,
      0.17325923176811253,
      0.17454530317854638,
      0.13690329859590844,
      0.10486255579726932,
      0.021798450672490446,
      -0.009275349827968828,
      -7.011781097082496e-05,
      -0.005889630082262686,
      0.0022082535579549447,
      0.00010811766699380353,
      -0.005937911687678822,
      -0.005278020266569001,
      -0.002704503626779688,
      0.006836461788337488,
      0.030657507813855178,
      0.032158497781067025,
      0.06850391513723986,
      0.10801021741858913,
      0.16457237802128163
    ]
  ],
  "alpha": [
    1.0840736066446777,
    3.399627539950978,
    2.28413114893545
  ],
  "sigma_lambda": [
    3.9172703766079815,
    6.144882967437146,
    3.1321715264372254
  ],
  "explained_variance_ratio": [
    0.3670786440706141,
    0.28805976619454937,
    0.11139355648995006
  ]
}