{
  "dual_bound": {
    "v_lsmc": 78079.81545008911,
    "v_dual": 78079.81545008911,
    "gap_pct": 0.0,
    "dual_ok": true
  },
  "backtest": {
    "n_periods": 30,
    "total_delta_mtm": 201769.44969265908,
    "total_theta": -366902.68960690126,
    "total_delta_explain": -280939.0911694097,
    "total_exec_surprise": -24382.991874087165,
    "total_deg_surprise": -2456.393982293027,
    "total_calib_effect": 0.0,
    "total_residual": 876450.6163253499,
    "residual_pct_total": 4.343822207278576,
    "mean_daily_residual_pct": 1.0841076260889666,
    "p95_daily_residual_pct": 2.031986716890066,
    "pass_residual_target": false,
    "target_residual_pct": 0.05
  },
  "soh_base_yr15": 0.6887493165645824
}