{
  "dual_bound": {
    "v_lsmc": 33044.016992574536,
    "v_dual": 187879.02396870393,
    "gap_pct": 4.685719869074122,
    "dual_ok": false
  },
  "backtest": {
    "n_periods": 30,
    "total_delta_mtm": 201769.44969265908,
    "total_theta": -366902.68960690126,
    "total_delta_explain": -333096.48063398927,
    "total_exec_surprise": -24382.991874087165,
    "total_deg_surprise": -2456.393982293027,
    "total_calib_effect": 0.0,
    "total_residual": 928608.0057899298,
    "residual_pct_total": 4.602322141456061,
    "mean_daily_residual_pct": 1.1267410127491204,
    "p95_daily_residual_pct": 2.2124887679897243,
    "pass_residual_target": false,
    "target_residual_pct": 0.05
  },
  "soh_base_yr15": 0.6887493165645824
}