duration_h,run_mode,method,value_gbp_horizon_mean,value_gbp_annualized_mean,gbp_per_mw_year,n_paths,window_hh,gate_hh,notes,value_gbp_annualized_m,gbp_per_mw_year_k,p5_ann_m,p95_ann_m
2.0,medium,Initial hourly intrinsic,1857417.3918294378,1857417.3918294378,18574.17391829438,1,24,24,HPFC hourly daily LP; 5-year annual avg gross revenue as-of 2026-05-03; energy-only,1.8574173918294379,18.574173918294377,1.8574173918294379,1.8574173918294379
2.0,medium,DA rolling intrinsic,832305.0526514847,3375459.380197688,33754.59380197688,500,48,48,"HPFC-anchored simulated paths (500 paths); rolling LP; DA prices only; energy-only, VOM=0",3.375459380197688,33.75459380197688,2.045865593314255,4.705053167081119
2.0,medium,WD rolling intrinsic,1083569.3065332032,4394475.5209402125,43944.75520940212,500,48,8,"HPFC-anchored simulated paths (500 paths); rolling LP; intraday (DA + delta_imb) prices at gate; energy-only, VOM=0",4.394475520940213,43.944755209402125,3.6790657017266937,5.109885340153731
2.0,medium,Forward simulation (LSMC),2061857.965765691,8361979.527827525,83619.79527827524,500,0,0,"Non-anticipative LSMC policy on 500 paths + antithetic variates; full-stack: DA+ancillary, VOM=1.20 £/MWh, degradation cost",8.361979527827524,83.61979527827523,7.244119634922467,9.479839420732581
2.0,medium,Perfect foresight (DA energy),832027.1979594141,3374332.525057624,33743.32525057624,500,4320,4320,"Full-horizon LP on 500 sampled HPFC-anchored DA paths; energy-only (VOM=0), terminal SoC=100 MWh; upper bound on DA energy arbitrage",3.374332525057624,33.74332525057624,2.046480206641904,4.702184843473344
