duration_h,run_mode,method,value_gbp_horizon_mean,value_gbp_annualized_mean,gbp_per_mw_year,n_paths,window_hh,gate_hh,notes,value_gbp_annualized_m,gbp_per_mw_year_k,p5_ann_m,p95_ann_m
4.0,medium,Initial hourly intrinsic,3167414.192948398,3167414.192948398,31674.141929483983,1,24,24,HPFC hourly daily LP; 5-year annual avg gross revenue as-of 2026-05-03; energy-only,3.167414192948398,31.674141929483984,3.167414192948398,3.167414192948398
4.0,medium,DA rolling intrinsic,1412955.2717055837,5730318.601917089,57303.18601917089,500,48,48,"HPFC-anchored simulated paths (500 paths); rolling LP; DA prices only; energy-only, VOM=0",5.730318601917089,57.303186019170894,3.4644896467920403,7.996147557042137
4.0,medium,WD rolling intrinsic,1691292.4826394396,6859130.624037727,68591.30624037726,500,48,8,"HPFC-anchored simulated paths (500 paths); rolling LP; intraday (DA + delta_imb) prices at gate; energy-only, VOM=0",6.859130624037727,68.59130624037726,5.732556789619161,7.985704458456294
4.0,medium,Forward simulation (LSMC),1796552.3953137551,7286018.047661341,72860.1804766134,500,0,0,"Non-anticipative LSMC policy on 500 paths + antithetic variates; full-stack: DA+ancillary, VOM=1.20 £/MWh, degradation cost",7.286018047661341,72.86018047661341,6.155805447685583,8.416230647637098
4.0,medium,Perfect foresight (DA energy),1408967.8916340494,5714147.560515867,57141.47560515867,500,4320,4320,"Full-horizon LP on 500 sampled HPFC-anchored DA paths; energy-only (VOM=0), terminal SoC=200 MWh; upper bound on DA energy arbitrage",5.714147560515866,57.14147560515867,3.4580559462286735,7.970239174803059
