{
  "dual_bound": {
    "value_basis": "annualized_gbp_per_year",
    "annualization_factor": 4.055555555555555,
    "horizon_years": 0.2465753424657534,
    "asset_mw": 100.0,
    "v_lsmc_gbp": 11764126.566129431,
    "v_dual_gbp": 16316047.973627156,
    "v_dual_std": 4928551.1097618975,
    "v_ri_gbp": 0.0,
    "v_lsmc_gbp_per_mw_year": 117641.26566129431,
    "v_dual_gbp_per_mw_year": 163160.47973627155,
    "v_lsmc_horizon_gbp": 2900743.5368538327,
    "v_dual_horizon_gbp": 4023135.1167847784,
    "gap_abs_gbp": 4551921.4074977245,
    "gap_pct": 0.38693237291439414,
    "n_paths": 100,
    "dual_ok": false,
    "threshold": 0.02
  },
  "backtest": {
    "n_periods": 30,
    "total_delta_mtm": 201769.44969265908,
    "total_theta": -366902.68960690126,
    "total_delta_explain": 370009.8171664385,
    "total_exec_surprise": -24382.991874087165,
    "total_deg_surprise": -2456.393982293027,
    "total_calib_effect": 0.0,
    "total_residual": 225501.70798950217,
    "residual_pct_total": 1.1176206721730804,
    "mean_daily_residual_pct": 1.2004299818936615,
    "p95_daily_residual_pct": 3.069581712909499,
    "pass_residual_target": false,
    "target_residual_pct": 0.05
  },
  "soh_base_yr15": 0.6887493165645824,
  "asset_mw": 100.0,
  "asset_mwh": 200.0,
  "duration_h": 2.0,
  "duration_label": "2h"
}