{
  "duration_h": 2.0,
  "duration_label": "2h",
  "asset_mw": 100.0,
  "asset_mwh": 200.0,
  "dual_bound": {
    "value_basis": "annualized_gbp_per_year",
    "annualization_factor": 8.11111111111111,
    "horizon_years": 0.1232876712328767,
    "asset_mw": 100.0,
    "v_lsmc_gbp": 11731822.982727265,
    "v_dual_gbp": 16373385.585400293,
    "v_dual_std": 6558243.281371767,
    "v_ri_gbp": 0.0,
    "v_lsmc_gbp_per_mw_year": 117318.22982727265,
    "v_dual_gbp_per_mw_year": 163733.85585400293,
    "v_lsmc_horizon_gbp": 1446389.134856786,
    "v_dual_horizon_gbp": 2018636.579021954,
    "gap_abs_gbp": 4641562.602673028,
    "gap_pct": 0.3956386496375533,
    "n_paths": 100,
    "dual_ok": false,
    "threshold": 0.02
  },
  "backtest": {
    "n_periods": 30,
    "total_delta_mtm": 201769.44969265908,
    "total_theta": -366902.68960690126,
    "total_delta_explain": 13698121.092373671,
    "total_exec_surprise": -24382.991874087165,
    "total_deg_surprise": -2456.393982293027,
    "total_calib_effect": 0.0,
    "total_residual": -13102609.567217726,
    "residual_pct_total": 64.93852060941828,
    "mean_daily_residual_pct": 24.397059808726702,
    "p95_daily_residual_pct": 69.29315230040379,
    "pass_residual_target": false,
    "target_residual_pct": 0.05
  },
  "soh_base_yr15": 0.6887493165645824
}