duration_h,run_mode,method,value_gbp_horizon_mean,value_gbp_annualized_mean,gbp_per_mw_year,n_paths,window_hh,gate_hh,notes,value_gbp_annualized_m,gbp_per_mw_year_k,p5_ann_m,p95_ann_m
1.0,medium,Initial hourly intrinsic,970615.7582722309,970615.7582722309,9706.157582722308,1,24,24,HPFC hourly daily LP; 5-year annual avg gross revenue as-of 2026-05-03; energy-only,0.9706157582722309,9.706157582722307,0.9706157582722309,0.9706157582722309
1.0,medium,DA rolling intrinsic,440245.1325023751,1785438.592926299,17854.38592926299,500,48,48,"HPFC-anchored simulated paths (500 paths); rolling LP; DA prices only; energy-only, VOM=0",1.785438592926299,17.85438592926299,1.0828994745757634,2.4879777112768346
1.0,medium,WD rolling intrinsic,733422.2716467128,2974434.7683450016,29744.347683450018,500,48,8,"HPFC-anchored simulated paths (500 paths); rolling LP; intraday (DA + delta_imb) prices at gate; energy-only, VOM=0",2.9744347683450014,29.74434768345002,2.4377479642229267,3.5111215724670757
1.0,medium,Forward simulation (LSMC),2098105.790938618,8508984.596584396,85089.84596584397,500,0,0,"Non-anticipative LSMC policy on 500 paths + antithetic variates; full-stack: DA+ancillary, VOM=1.20 £/MWh, degradation cost",8.508984596584396,85.08984596584396,7.289652060786718,9.728317132382074
1.0,medium,Perfect foresight (DA energy),440400.1256119278,1786067.1760928181,17860.67176092818,500,4320,4320,"Full-horizon LP on 500 sampled HPFC-anchored DA paths; energy-only (VOM=0), terminal SoC=50 MWh; upper bound on DA energy arbitrage",1.7860671760928182,17.86067176092818,1.0838621449106627,2.4882722072749734
