{
  "n_paths": 5000,
  "n_steps": 17520,
  "dt": 5.7077625570776254e-05,
  "seed": 42,
  "spot_price_gbp_mwh": {
    "p5": 0.6808657050132751,
    "p50": 1.0010919570922852,
    "p95": 1.4818943738937378
  },
  "delta_imb_gbp_mwh": {
    "p5": -237.3760528564453,
    "p50": -22.559066772460938,
    "p95": 219.44110107421875
  },
  "pi_dc_low_gbp_mwh": {
    "p5": 1.148037075996399,
    "p50": 5.151081085205078,
    "p95": 9.502575874328613
  },
  "validation": {
    "chi_variance": true,
    "xi_mean": true,
    "xi_variance": true,
    "delta_stationary_mean": true,
    "pi_dc_non_negative": true,
    "pi_dc_bounded": true,
    "cross_corr_chi_delta_increment": true
  }
}