{
  "n_paths": 5000,
  "n_steps": 17520,
  "dt": 5.7077625570776254e-05,
  "seed": 42,
  "spot_price_gbp_mwh": {
    "p5": 42.660003662109375,
    "p50": 69.49668884277344,
    "p95": 113.90925598144531
  },
  "delta_imb_gbp_mwh": {
    "p5": -37.437660217285156,
    "p50": 39.97107696533203,
    "p95": 133.84445190429688
  },
  "pi_dc_low_gbp_mwh": {
    "p5": 1.2563632726669312,
    "p50": 5.1728997230529785,
    "p95": 9.446287155151367
  },
  "validation": {
    "chi_variance": true,
    "xi_mean": true,
    "xi_variance": true,
    "delta_stationary_mean": true,
    "pi_dc_non_negative": true,
    "pi_dc_bounded": true,
    "cross_corr_chi_delta_increment": true
  }
}