{
  "n_paths": 1000,
  "n_steps": 17520,
  "dt": 5.7077625570776254e-05,
  "seed": 42,
  "spot_price_gbp_mwh": {
    "p5": 26.56730079650879,
    "p50": 78.54737091064453,
    "p95": 231.78689575195312
  },
  "delta_imb_gbp_mwh": {
    "p5": -239.6097412109375,
    "p50": -24.096107482910156,
    "p95": 215.7427978515625
  },
  "pi_dc_low_gbp_mwh": {
    "p5": 1.1737221479415894,
    "p50": 5.17250919342041,
    "p95": 9.487852096557617
  },
  "validation": {
    "chi_variance": true,
    "xi_mean": true,
    "xi_variance": true,
    "delta_stationary_mean": true,
    "pi_dc_non_negative": true,
    "pi_dc_bounded": true,
    "cross_corr_chi_delta_increment": true
  }
}