{
  "kappa": 3.283397041575372,
  "mu_xi": -0.10244389069653846,
  "sigma_chi": 0.48418423557500023,
  "sigma_xi": 0.199517749649522,
  "rho": 0.6134963512997605,
  "sigma_obs": 0.09547218069671812,
  "log_likelihood": 27310.538572338166,
  "n_obs": 29880
}