{
  "kappa": 1.1911585878389142,
  "mu_xi": -0.05,
  "sigma_chi": 1.4744979564552436,
  "sigma_xi": 0.14668164590439858,
  "rho": -0.21739920772301075,
  "sigma_obs": 0.09584271751368448,
  "log_likelihood": 26969.965066199697,
  "n_obs": 29880
}