{
  "kappa": 2.000059795825869,
  "mu_xi": 0.0037036241621142005,
  "sigma_chi": 0.34802808475174185,
  "sigma_xi": 0.1226983831223662,
  "rho": -0.1908298077367344,
  "sigma_obs": 0.001,
  "log_likelihood": 4677.75098842967,
  "n_obs": 936
}