{
  "kappa": 4.017976422449204,
  "mu_xi": 0.0068700487709625465,
  "sigma_chi": 2.0,
  "sigma_xi": 0.011307470102566703,
  "rho": 0.39440646724969414,
  "log_likelihood": 1658.1424305854619,
  "n_obs": 936
}