{
  "kappa": 4.1693796079049115,
  "mu_xi": 0.011297518385627085,
  "sigma_chi": 2.0,
  "sigma_xi": 0.014692097915381324,
  "rho": -0.5009809763969609,
  "log_likelihood": 1641.2935623040178,
  "n_obs": 936
}