{
  "kappa": 0.8262532353681729,
  "mu_xi": 0.0,
  "sigma_chi": 1.5,
  "sigma_xi": 0.1790497788302791,
  "rho": -0.639094688702733,
  "sigma_obs": 0.0960761213536017,
  "log_likelihood": 26877.493112269876,
  "n_obs": 29880
}